crash_id,county,region,highway_name,highway_class,intersection_rel,special_feature_1,special_feature_2,severity_level,visual_injured_num,fatal_num,suspected_serious_injured_num,non_incapacitated_injured_num,possibly_injured_num,crash_type,main_crash_type,latitude,longitude,year,date,time,number_of_vehicles,number_of_commercial_vehicles,work_zone,railroad_crossing,alcohol,drug,Alcohol or Drug,weather_condition,lighting_condition,road_condition,manner_of_collision,pedestrians_num,roadway_departure,cross_centerline,hit_and_run,emergency_vehicle_use,unit_type,vehicle_type,age,sex,driver_of_vehicle,injury_severity,person_condition,restraint_use,older_driver,teen_driver,Sleepy/Ill/Dizzy Driver,unsafe_unlaw_category,unsafe_unlaw_desc,Abnormal Traffic Control,Alcohol-DUI/DWI,Animal in Roadway,Apparently Sleepy,Avoiding Other Vehicle,Avoiding Pedestrian,Changed Lanes Unsafely,Deer in Roadway,Defect in Roadway,Disregarded Warning Signal,Domestic Animal in Roadway,Drug-DUI,Failed to Secure Load,Failed to Signal,Failed to Stop,Failed to Yield,Followed too Closely,Improper Backing,Improper Bicyclist Action,Improper Overtaking,Improper Parking,Improper Start From,Improper Turn,Improper Use of Lane,Distraction,Left of Center,No Improper Action by Driver,Object/Debris in Roadway,Other Improper Act/Movement,Pedestrian Action,Stopped in Traffic Lane,Speeding,Unsafe Vehicle,Wrong Way,Bad Weather,Bad Lighting,Bad Road Condition
202601162,Tulsa,northern,,City Street,1,0.0,0.0,non_incapacitating_injury,1.0,0,0.0,1.0,0.0,RIGHT-ANGLE,RIGHT-ANGLE,36.3220962,-95.866275,2020,2020-08-24,14.57,2,0,N,       ,N,N,0,Clear,Daylight,1.0,1,0,No Roadway Departure,0,N,2.0,D,4.0,29.0,M,Y,1.0,Apparently Normal,4.0,0,0,0,Failed to Yield,From Stop Sign,0,0,0,0,0,0,0,0,0,0,0,0,0,0,0,1,0,0,0,0,0,0,0,0,0,0,0,0,0,0,0,0,0,0,0,0,0
202601254,Tulsa,northern,,City Street,1,0.0,0.0,incapacitating_injury,1.0,0,1.0,0.0,0.0,ANGLE-TURNING,ANGLE-TURNING,36.2785311,-95.8301651,2020,2020-09-06,15.4,2,0,N,       ,N,N,0,Clear,Daylight,1.0,7,0,No Roadway Departure,0,N,0.0,D,2.0,16.0,M,Y,1.0,Apparently Normal,99.0,0,1,0,Failed to Yield,From Signal Light,0,0,0,0,0,0,0,0,0,0,0,0,0,0,0,1,0,0,0,0,0,0,0,0,0,0,0,0,0,0,0,0,0,0,0,0,0
202651494,Delaware,northern,US-59,US Route,1,0.0,0.0,property_damage,0.0,0,0.0,0.0,0.0,ANGLE-TURNING,ANGLE-TURNING,36.43725627,-94.78229961,2020,2020-09-16,15.17,2,0,N,       ,N,N,0,Clear,Daylight,1.0,6,0,No Roadway Departure,0,N,0.0,D,2.0,85.0,F,Y,1.0,Apparently Normal,4.0,1,0,0,Failed to Yield,From Stop Sign,0,0,0,0,0,0,0,0,0,0,0,0,0,0,0,1,0,0,0,0,0,0,0,0,0,0,0,0,0,0,0,0,0,0,0,0,0
202651495,Delaware,northern,US-59,US Route,1,0.0,0.0,property_damage,0.0,0,0.0,0.0,0.0,RIGHT-ANGLE,RIGHT-ANGLE,36.4085324,-94.82356028,2020,2020-09-16,11.21,2,0,N,       ,N,N,0,Cloudy,Daylight,1.0,1,0,No Roadway Departure,0,N,0.0,D,2.0,22.0,M,Y,1.0,Apparently Normal,4.0,0,0,0,Failed to Yield,From Stop Sign,0,0,0,0,0,0,0,0,0,0,0,0,0,0,0,1,0,0,0,0,0,0,0,0,0,0,0,0,0,0,0,0,0,0,0,0,0
202651511,Mayes,northern,US-69,US Route,0,0.0,0.0,incapacitating_injury,1.0,0,1.0,0.0,0.0,PEDESTRIAN,PEDESTRIAN,36.29296777,-95.32440035,2020,2020-09-07,20.36,2,1,N,       ,N,N,0,Cloudy,Dark / Lighted,1.0,21,1,No Roadway Departure,0,N,0.0,D,20.0,29.0,F,Y,1.0,Apparently Normal,4.0,0,0,0,Failed to Yield,Other,0,0,0,0,0,0,0,0,0,0,0,0,0,0,0,1,0,0,0,0,0,0,0,0,0,0,0,0,0,0,0,0,0,0,0,0,0
202750844,Tulsa,northern,,City Street,1,0.0,0.0,non_incapacitating_injury,2.0,0,0.0,2.0,0.0,ANGLE-TURNING,ANGLE-TURNING,36.2785425,-95.8436475,2020,2020-09-10,7.4,3,0,N,       ,N,N,0,Rain,Daylight,2.0,7,0,No Roadway Departure,0,N,0.0,D,2.0,34.0,F,Y,3.0,Apparently Normal,4.0,0,0,0,Failed to Yield,From Signal Light,0,0,0,0,0,0,0,0,0,0,0,0,0,0,0,1,0,0,0,0,0,0,0,0,0,0,0,0,0,0,0,0,0,0,1,0,0
202792117,Delaware,northern,US-59,US Route,0,1.0,0.0,property_damage,0.0,0,0.0,0.0,0.0,RIGHT-ANGLE,RIGHT-ANGLE,36.57497183,-94.76913071,2020,2020-07-05,11.1,2,0,N,       ,N,N,0,Cloudy,Daylight,1.0,1,0,No Roadway Departure,0,Y,0.0,D,4.0,0.0,M,Y,1.0,Unknown,99.0,0,0,0,Failed to Yield,Private Drive,0,0,0,0,0,0,0,0,0,0,0,0,0,0,0,1,0,0,0,0,0,0,0,0,0,0,0,0,0,0,0,0,0,0,0,0,0
202792119,Delaware,northern,US-59,US Route,1,0.0,0.0,property_damage,0.0,0,0.0,0.0,0.0,ANGLE-TURNING,ANGLE-TURNING,36.57685697,-94.76910231,2020,2020-07-09,12.21,2,0,N,       ,N,N,0,Rain,Daylight,2.0,12,0,No Roadway Departure,0,N,2.0,D,20.0,68.0,M,Y,1.0,Apparently Normal,4.0,1,0,0,Failed to Yield,From Stop Sign,0,0,0,0,0,0,0,0,0,0,0,0,0,0,0,1,0,0,0,0,0,0,0,0,0,0,0,0,0,0,0,0,0,0,1,0,0
202821280,Tulsa,northern,SH-20,State Highway,1,0.0,0.0,property_damage,0.0,0,0.0,0.0,0.0,RIGHT-ANGLE,RIGHT-ANGLE,36.36565344,-95.8847284,2020,2020-08-17,20.28,2,0,N,       ,N,N,0,Clear,Dark / Unlighted,1.0,1,0,Roadway Departure Right,0,N,0.0,D,20.0,18.0,F,Y,1.0,Apparently Normal,4.0,0,1,0,Failed to Yield,From Stop Sign,0,0,0,0,0,0,0,0,0,0,0,0,0,0,0,1,0,0,0,0,0,0,0,0,0,0,0,0,0,0,0,0,0,0,0,1,0
202821327,Cherokee,southern,US-62,US Route,1,0.0,0.0,non_incapacitating_injury,1.0,0,0.0,1.0,0.0,ANGLE-TURNING,ANGLE-TURNING,35.91170875,-94.95542061,2020,2020-09-09,16.45,2,0,N,       ,N,N,0,Clear,Daylight,1.0,12,0,Roadway Departure Right,0,N,2.0,D,2.0,34.0,F,Y,3.0,Apparently Normal,1.0,0,0,0,Failed to Yield,From Stop Sign,0,0,0,0,0,0,0,0,0,0,0,0,0,0,0,1,0,0,0,0,0,0,0,0,0,0,0,0,0,0,0,0,0,0,0,0,0
202821329,Cherokee,southern,US-62,US Route,1,0.0,0.0,possible_injury,0.0,0,0.0,0.0,1.0,ANGLE-TURNING,ANGLE-TURNING,35.91170875,-94.95542061,2020,2020-09-10,7.56,2,0,N,       ,N,N,0,Rain,Daylight,2.0,7,0,No Roadway Departure,0,N,2.0,D,2.0,28.0,F,Y,0.0,Apparently Normal,4.0,0,0,0,Failed to Yield,To Vehicle in Intersection,0,0,0,0,0,0,0,0,0,0,0,0,0,0,0,1,0,0,0,0,0,0,0,0,0,0,0,0,0,0,0,0,0,0,1,0,0
202821369,Washington,northern,US-75,US Route,0,1.0,0.0,property_damage,0.0,0,0.0,0.0,0.0,ANGLE-TURNING,ANGLE-TURNING,36.71589771,-95.93514684,2020,2020-09-30,13.32,2,0,N,       ,N,N,0,Clear,Daylight,1.0,13,0,No Roadway Departure,0,N,0.0,D,2.0,77.0,F,Y,1.0,Apparently Normal,4.0,1,0,0,Failed to Yield,Private Drive,0,0,0,0,0,0,0,0,0,0,0,0,0,0,0,1,0,0,0,0,0,0,0,0,0,0,0,0,0,0,0,0,0,0,0,0,0
202821373,Washington,northern,US-60,US Route,1,0.0,0.0,property_damage,0.0,0,0.0,0.0,0.0,ANGLE-TURNING,ANGLE-TURNING,36.72802275,-95.93071901,2020,2020-09-27,15.1,2,0,N,       ,N,N,0,Rain,Daylight,2.0,6,0,No Roadway Departure,0,N,2.0,D,4.0,42.0,M,Y,1.0,Apparently Normal,4.0,0,0,0,Failed to Yield,From Stop Sign,0,0,0,0,0,0,0,0,0,0,0,0,0,0,0,1,0,0,0,0,0,0,0,0,0,0,0,0,0,0,0,0,0,0,1,0,0
202821379,Washington,northern,US-75,US Route,0,1.0,0.0,property_damage,0.0,0,0.0,0.0,0.0,ANGLE-TURNING,ANGLE-TURNING,36.70908242,-95.93515852,2020,2020-09-23,18.44,2,0,N,       ,N,N,0,Clear,Daylight,1.0,12,0,No Roadway Departure,0,N,0.0,D,2.0,20.0,F,Y,1.0,Apparently Normal,4.0,0,0,0,Failed to Yield,To Vehicle on Right,0,0,0,0,0,0,0,0,0,0,0,0,0,0,0,1,0,0,0,0,0,0,0,0,0,0,0,0,0,0,0,0,0,0,0,0,0
202821384,Washington,northern,,City Street,1,99.0,80.0,property_damage,0.0,0,0.0,0.0,0.0,ANGLE-TURNING,ANGLE-TURNING,36.7487322,-95.967548,2020,2020-09-21,15.23,2,0,N,       ,N,N,0,Clear,Daylight,1.0,6,0,No Roadway Departure,0,N,2.0,D,2.0,84.0,M,Y,1.0,Apparently Normal,4.0,1,0,0,Failed to Yield,From Stop Sign,0,0,0,0,0,0,0,0,0,0,0,0,0,0,0,1,0,0,0,0,0,0,0,0,0,0,0,0,0,0,0,0,0,0,0,0,0
202821386,Washington,northern,,City Street,1,0.0,0.0,possible_injury,0.0,0,0.0,0.0,1.0,ANGLE-TURNING,ANGLE-TURNING,36.7280355,-95.9742044,2020,2020-09-19,11.25,2,0,N,       ,N,N,0,Clear,Daylight,1.0,6,0,No Roadway Departure,0,N,0.0,D,4.0,36.0,M,Y,0.0,Apparently Normal,4.0,0,0,0,Failed to Yield,From Stop Sign,0,0,0,0,0,0,0,0,0,0,0,0,0,0,0,1,0,0,0,0,0,0,0,0,0,0,0,0,0,0,0,0,0,0,0,0,0
202821392,Washington,northern,,City Street,1,0.0,0.0,possible_injury,0.0,0,0.0,0.0,1.0,RIGHT-ANGLE,RIGHT-ANGLE,36.7497784,-95.9961947,2020,2020-09-16,16.01,2,0,N,       ,N,N,0,Clear,Daylight,1.0,1,0,No Roadway Departure,0,N,0.0,D,2.0,18.0,M,Y,1.0,Apparently Normal,4.0,0,1,0,Failed to Yield,From Stop Sign,0,0,0,0,0,0,0,0,0,0,0,0,0,0,0,1,0,0,0,0,0,0,0,0,0,0,0,0,0,0,0,0,0,0,0,0,0
202821394,Washington,northern,,City Street,1,0.0,0.0,possible_injury,0.0,0,0.0,0.0,1.0,ANGLE-TURNING,ANGLE-TURNING,36.7506473,-95.9409948,2020,2020-09-15,10.16,2,0,N,       ,N,N,0,Clear,Daylight,1.0,7,0,Fixed Object,0,N,0.0,D,20.0,71.0,F,Y,1.0,Apparently Normal,4.0,1,0,0,Failed to Yield,From Signal Light,0,0,0,0,0,0,0,0,0,0,0,0,0,0,0,1,0,0,0,0,0,0,0,0,0,0,0,0,0,0,0,0,0,0,0,0,0
202821398,Washington,northern,,City Street,1,99.0,80.0,property_damage,0.0,0,0.0,0.0,0.0,ANGLE-TURNING,ANGLE-TURNING,36.74977312,-95.96630707,2020,2020-09-11,12.5,2,0,N,       ,N,N,0,Cloudy,Daylight,1.0,6,0,No Roadway Departure,0,Y,0.0,D,4.0,0.0,M,Y,1.0,Unknown,99.0,0,0,0,Failed to Yield,From Yield Sign,0,0,0,0,0,0,0,0,0,0,0,0,0,0,0,1,0,0,0,0,0,0,0,0,0,0,0,0,0,0,0,0,0,0,0,0,0
202821401,Washington,northern,US-75,US Route,1,0.0,0.0,possible_injury,0.0,0,0.0,0.0,2.0,ANGLE-TURNING,ANGLE-TURNING,36.76382709,-95.93545643,2020,2020-09-10,10.41,2,0,N,       ,N,N,0,Rain,Daylight,2.0,6,0,No Roadway Departure,0,N,0.0,D,2.0,54.0,F,Y,2.0,Apparently Normal,4.0,0,0,0,Failed to Yield,From Stop Sign,0,0,0,0,0,0,0,0,0,0,0,0,0,0,0,1,0,0,0,0,0,0,0,0,0,0,0,0,0,0,0,0,0,0,1,0,0
202821403,Washington,northern,US-60,US Route,1,0.0,0.0,possible_injury,0.0,0,0.0,0.0,1.0,ANGLE-TURNING,ANGLE-TURNING,36.72798053,-95.91720825,2020,2020-09-10,7.1,2,0,N,       ,N,N,0,Rain,Dawn,2.0,7,0,No Roadway Departure,0,N,0.0,D,2.0,16.0,F,Y,1.0,Apparently Normal,4.0,0,1,0,Failed to Yield,To Vehicle in Intersection,0,0,0,0,0,0,0,0,0,0,0,0,0,0,0,1,0,0,0,0,0,0,0,0,0,0,0,0,0,0,0,0,0,0,1,1,0
202821410,Washington,northern,US-75,US Route,0,1.0,0.0,property_damage,0.0,0,0.0,0.0,0.0,ANGLE-TURNING,ANGLE-TURNING,36.74657886,-95.9353417,2020,2020-09-04,13.15,2,0,N,       ,N,N,0,Clear,Daylight,1.0,12,0,No Roadway Departure,0,N,0.0,D,2.0,17.0,F,Y,1.0,Apparently Normal,4.0,0,1,0,Failed to Yield,Private Drive,0,0,0,0,0,0,0,0,0,0,0,0,0,0,0,1,0,0,0,0,0,0,0,0,0,0,0,0,0,0,0,0,0,0,0,0,0
202830520,Delaware,northern,US-59,US Route,1,0.0,0.0,possible_injury,0.0,0,0.0,0.0,1.0,RIGHT-ANGLE,RIGHT-ANGLE,36.41587773,-94.80999975,2020,2020-09-28,10.56,2,0,N,       ,N,N,0,Clear,Daylight,1.0,1,0,No Roadway Departure,0,N,0.0,D,4.0,38.0,F,Y,1.0,Apparently Normal,4.0,0,0,0,Failed to Yield,From Stop Sign,0,0,0,0,0,0,0,0,0,0,0,0,0,0,0,1,0,0,0,0,0,0,0,0,0,0,0,0,0,0,0,0,0,0,0,0,0
202900958,Rogers,northern,SH-66,State Highway,1,0.0,0.0,non_incapacitating_injury,1.0,0,0.0,1.0,1.0,RIGHT-ANGLE,RIGHT-ANGLE,36.31350858,-95.61543492,2020,2020-09-06,14.15,2,0,N,       ,N,N,0,Clear,Daylight,1.0,1,0,No Roadway Departure,0,N,0.0,D,20.0,53.0,M,Y,1.0,Apparently Normal,4.0,0,0,0,Failed to Yield,From Stop Sign,0,0,0,0,0,0,0,0,0,0,0,0,0,0,0,1,0,0,0,0,0,0,0,0,0,0,0,0,0,0,0,0,0,0,0,0,0
202900965,Rogers,northern,,City Street,7,99.0,80.0,property_damage,0.0,0,0.0,0.0,0.0,RIGHT-ANGLE,RIGHT-ANGLE,36.31273746,-95.61711997,2020,2020-09-22,10.33,2,0,N,       ,N,N,0,Rain,Daylight,2.0,1,0,No Roadway Departure,0,N,0.0,D,4.0,20.0,M,Y,1.0,Apparently Normal,4.0,0,0,0,Failed to Yield,Private Drive,0,0,0,0,0,0,0,0,0,0,0,0,0,0,0,1,0,0,0,0,0,0,0,0,0,0,0,0,0,0,0,0,0,0,1,0,0
202900974,Rogers,northern,SH-66,State Highway,1,0.0,0.0,property_damage,0.0,0,0.0,0.0,0.0,ANGLE-TURNING,ANGLE-TURNING,36.3038419,-95.62337094,2020,2020-09-19,13.5,2,0,N,       ,N,N,0,Clear,Daylight,1.0,6,0,No Roadway Departure,0,N,2.0,D,4.0,23.0,M,Y,1.0,Apparently Normal,4.0,0,0,0,Failed to Yield,From Stop Sign,0,0,0,0,0,0,0,0,0,0,0,0,0,0,0,1,0,0,0,0,0,0,0,0,0,0,0,0,0,0,0,0,0,0,0,0,0
202930694,Mayes,northern,SH-28,State Highway,0,1.0,0.0,property_damage,0.0,0,0.0,0.0,0.0,ANGLE-TURNING,ANGLE-TURNING,36.43766256,-95.27585105,2020,2020-08-07,8.5,2,1,N,       ,N,N,0,Clear,Daylight,2.0,12,0,No Roadway Departure,0,N,2.0,D,4.0,16.0,M,Y,0.0,Apparently Normal,99.0,0,1,0,Failed to Yield,Private Drive,0,0,0,0,0,0,0,0,0,0,0,0,0,0,0,1,0,0,0,0,0,0,0,0,0,0,0,0,0,0,0,0,0,0,0,0,0
203001286,Muskogee,southern,,City Street,5,80.0,99.0,property_damage,0.0,0,0.0,0.0,0.0,ANGLE-TURNING,ANGLE-TURNING,35.7553743,-95.30909763,2020,2020-09-19,12.48,2,0,N,       ,N,N,0,Clear,Daylight,1.0,6,0,No Roadway Departure,0,N,0.0,D,23.0,72.0,M,Y,1.0,Apparently Normal,4.0,1,0,0,Failed to Yield,From Stop Sign,0,0,0,0,0,0,0,0,0,0,0,0,0,0,0,1,0,0,0,0,0,0,0,0,0,0,0,0,0,0,0,0,0,0,0,0,0
203141036,Washington,northern,US-60,US Route,1,0.0,0.0,property_damage,0.0,0,0.0,0.0,0.0,ANGLE-TURNING,ANGLE-TURNING,36.74629152,-95.97385937,2020,2020-10-05,12.54,2,1,N,       ,N,N,0,Clear,Daylight,1.0,6,0,No Roadway Departure,0,N,0.0,D,4.0,19.0,M,Y,1.0,Apparently Normal,4.0,0,1,0,Failed to Yield,From Stop Sign,0,0,0,0,0,0,0,0,0,0,0,0,0,0,0,1,0,0,0,0,0,0,0,0,0,0,0,0,0,0,0,0,0,0,0,0,0
203252560,Sequoyah,southern,US-64,US Route,1,0.0,0.0,property_damage,0.0,0,0.0,0.0,0.0,RIGHT-ANGLE,RIGHT-ANGLE,35.40495925,-94.50154466,2020,2020-10-28,6.4,2,1,N,       ,N,N,0,Rain,Dark / Lighted,2.0,1,0,No Roadway Departure,0,N,2.0,D,20.0,18.0,M,Y,1.0,Apparently Normal,99.0,0,1,0,Failed to Yield,From Stop Sign,0,0,0,0,0,0,0,0,0,0,0,0,0,0,0,1,0,0,0,0,0,0,0,0,0,0,0,0,0,0,0,0,0,0,1,0,0
203252619,Tulsa,northern,SH-20,State Highway,0,1.0,0.0,property_damage,0.0,0,0.0,0.0,0.0,ANGLE-TURNING,ANGLE-TURNING,36.36459555,-95.82630724,2020,2020-10-19,15.4,2,0,N,       ,N,N,0,Cloudy,Daylight,1.0,13,0,No Roadway Departure,0,N,0.0,D,2.0,19.0,M,Y,1.0,Apparently Normal,4.0,0,1,0,Failed to Yield,Private Drive,0,0,0,0,0,0,0,0,0,0,0,0,0,0,0,1,0,0,0,0,0,0,0,0,0,0,0,0,0,0,0,0,0,0,0,0,0
203252720,Washington,northern,US-75,US Route,0,1.0,0.0,property_damage,0.0,0,0.0,0.0,0.0,RIGHT-ANGLE,RIGHT-ANGLE,36.71328768,-95.93513576,2020,2020-10-10,16.01,2,0,N,       ,Y,N,1,Clear,Daylight,1.0,1,0,No Roadway Departure,0,N,0.0,D,20.0,18.0,F,Y,1.0,Apparently Normal,4.0,0,1,0,Failed to Yield,Private Drive,0,0,0,0,0,0,0,0,0,0,0,0,0,0,0,1,0,0,0,0,0,0,0,0,0,0,0,0,0,0,0,0,0,0,0,0,0
203252733,Washington,northern,US-75,US Route,0,1.0,0.0,non_incapacitating_injury,2.0,0,0.0,2.0,0.0,ANGLE-TURNING,ANGLE-TURNING,36.71589771,-95.93514684,2020,2020-10-01,13.33,2,0,N,       ,N,N,0,Clear,Daylight,1.0,6,0,No Roadway Departure,0,N,0.0,D,21.0,41.0,F,Y,3.0,Apparently Normal,4.0,0,0,0,Failed to Yield,Private Drive,0,0,0,0,0,0,0,0,0,0,0,0,0,0,0,1,0,0,0,0,0,0,0,0,0,0,0,0,0,0,0,0,0,0,0,0,0
203252737,Washington,northern,US-60,US Route,1,0.0,0.0,non_incapacitating_injury,1.0,0,0.0,1.0,0.0,ANGLE-TURNING,ANGLE-TURNING,36.72802508,-95.92657565,2020,2020-10-28,7.08,2,0,N,       ,N,N,0,Rain,Dark / Unlighted,2.0,6,0,No Roadway Departure,0,N,0.0,D,2.0,20.0,M,Y,3.0,Apparently Normal,4.0,0,0,0,Failed to Yield,From Stop Sign,0,0,0,0,0,0,0,0,0,0,0,0,0,0,0,1,0,0,0,0,0,0,0,0,0,0,0,0,0,0,0,0,0,0,1,1,0
203252739,Washington,northern,,City Street,6,1.0,0.0,possible_injury,0.0,0,0.0,0.0,1.0,ANGLE-TURNING,ANGLE-TURNING,36.750859,-95.97432037,2020,2020-10-27,9.53,2,0,N,       ,N,N,0,Rain,Daylight,2.0,6,0,No Roadway Departure,0,N,0.0,D,2.0,57.0,M,Y,1.0,Apparently Normal,4.0,0,0,0,Failed to Yield,From Alley,0,0,0,0,0,0,0,0,0,0,0,0,0,0,0,1,0,0,0,0,0,0,0,0,0,0,0,0,0,0,0,0,0,0,1,0,0
203252742,Washington,northern,,City Street,1,0.0,0.0,possible_injury,0.0,0,0.0,0.0,1.0,ANGLE-TURNING,ANGLE-TURNING,36.7516678,-95.9894233,2020,2020-10-26,8.34,2,0,N,       ,N,N,0,Rain,Daylight,2.0,6,0,No Roadway Departure,0,N,0.0,D,4.0,36.0,F,Y,1.0,Apparently Normal,4.0,0,0,0,Failed to Yield,From Stop Sign,0,0,0,0,0,0,0,0,0,0,0,0,0,0,0,1,0,0,0,0,0,0,0,0,0,0,0,0,0,0,0,0,0,0,1,0,0
203252747,Washington,northern,,City Street,1,0.0,0.0,possible_injury,0.0,0,0.0,0.0,1.0,RIGHT-ANGLE,RIGHT-ANGLE,36.7514787,-95.9984567,2020,2020-10-19,10.07,2,0,N,       ,N,N,0,Rain,Daylight,2.0,1,0,No Roadway Departure,0,N,0.0,D,2.0,58.0,F,Y,2.0,Apparently Normal,4.0,0,0,0,Failed to Yield,From Stop Sign,0,0,0,0,0,0,0,0,0,0,0,0,0,0,0,1,0,0,0,0,0,0,0,0,0,0,0,0,0,0,0,0,0,0,1,0,0
203252749,Washington,northern,,City Street,1,0.0,0.0,possible_injury,0.0,0,0.0,0.0,1.0,ANGLE-TURNING,ANGLE-TURNING,36.7424861,-95.917229,2020,2020-10-16,18.05,2,0,N,       ,N,N,0,Clear,Daylight,1.0,7,0,No Roadway Departure,0,N,0.0,D,2.0,26.0,M,Y,2.0,Apparently Normal,4.0,0,0,0,Failed to Yield,To Vehicle in Intersection,0,0,0,0,0,0,0,0,0,0,0,0,0,0,0,1,0,0,0,0,0,0,0,0,0,0,0,0,0,0,0,0,0,0,0,0,0
203252752,Washington,northern,US-60,US Route,0,1.0,0.0,property_damage,0.0,0,0.0,0.0,0.0,ANGLE-TURNING,ANGLE-TURNING,36.7279936,-95.90784263,2020,2020-10-12,14.37,2,0,N,       ,N,N,0,Clear,Daylight,1.0,7,0,No Roadway Departure,0,N,0.0,D,4.0,16.0,M,Y,1.0,Unknown,4.0,0,1,0,Failed to Yield,Private Drive,0,0,0,0,0,0,0,0,0,0,0,0,0,0,0,1,0,0,0,0,0,0,0,0,0,0,0,0,0,0,0,0,0,0,0,0,0
203252765,Washington,northern,US-60,US Route,0,1.0,0.0,property_damage,0.0,0,0.0,0.0,0.0,ANGLE-TURNING,ANGLE-TURNING,36.7280235,-95.93089915,2020,2020-10-30,7.23,2,0,N,       ,N,N,0,Clear,Daylight,1.0,6,0,No Roadway Departure,0,N,0.0,D,2.0,17.0,F,Y,1.0,Apparently Normal,4.0,0,1,0,Failed to Yield,Private Drive,0,0,0,0,0,0,0,0,0,0,0,0,0,0,0,1,0,0,0,0,0,0,0,0,0,0,0,0,0,0,0,0,0,0,0,0,0
203280794,Delaware,northern,US-59,US Route,0,1.0,0.0,property_damage,0.0,0,0.0,0.0,0.0,ANGLE-TURNING,ANGLE-TURNING,36.60169106,-94.78937348,2020,2020-09-30,17.37,2,0,N,       ,N,N,0,Clear,Daylight,1.0,6,0,No Roadway Departure,0,N,0.0,D,4.0,77.0,M,Y,1.0,Apparently Normal,4.0,1,0,0,Failed to Yield,Private Drive,0,0,0,0,0,0,0,0,0,0,0,0,0,0,0,1,0,0,0,0,0,0,0,0,0,0,0,0,0,0,0,0,0,0,0,0,0
203280798,Delaware,northern,US-59,US Route,0,1.0,0.0,property_damage,0.0,0,0.0,0.0,0.0,ANGLE-TURNING,ANGLE-TURNING,36.60080489,-94.78818506,2020,2020-09-03,14.55,2,0,N,       ,N,N,0,Clear,Daylight,1.0,6,0,No Roadway Departure,0,N,2.0,D,20.0,47.0,F,Y,1.0,Apparently Normal,4.0,0,0,0,Failed to Yield,Private Drive,0,0,0,0,0,0,0,0,0,0,0,0,0,0,0,1,0,0,0,0,0,0,0,0,0,0,0,0,0,0,0,0,0,0,0,0,0
203280799,Delaware,northern,US-59,US Route,1,0.0,0.0,possible_injury,0.0,0,0.0,0.0,2.0,RIGHT-ANGLE,RIGHT-ANGLE,36.58874741,-94.76926375,2020,2020-09-04,0.0,2,0,N,       ,N,N,0,Clear,Daylight,1.0,1,0,No Roadway Departure,0,N,0.0,D,2.0,81.0,M,Y,1.0,Apparently Normal,4.0,1,0,0,Failed to Yield,To Vehicle in Intersection,0,0,0,0,0,0,0,0,0,0,0,0,0,0,0,1,0,0,0,0,0,0,0,0,0,0,0,0,0,0,0,0,0,0,0,0,0
203281023,Rogers,northern,SH-66,State Highway,1,0.0,0.0,property_damage,0.0,0,0.0,0.0,0.0,ANGLE-TURNING,ANGLE-TURNING,36.23390775,-95.69013101,2020,2020-10-22,19.06,2,0,N,       ,N,N,0,Clear,Dark / Lighted,1.0,7,0,No Roadway Departure,0,N,0.0,D,2.0,24.0,F,Y,0.0,Apparently Normal,4.0,0,0,0,Failed to Yield,From Signal Light,0,0,0,0,0,0,0,0,0,0,0,0,0,0,0,1,0,0,0,0,0,0,0,0,0,0,0,0,0,0,0,0,0,0,0,0,0
203281027,Tulsa,northern,,City Street,1,0.0,0.0,non_incapacitating_injury,1.0,0,0.0,1.0,0.0,ANGLE-TURNING,ANGLE-TURNING,36.26401649,-95.84640026,2020,2020-10-11,0.32,2,0,N,       ,N,N,0,Clear,Dark / Lighted,1.0,7,0,Fixed Object,0,N,0.0,D,1.0,33.0,F,Y,1.0,Apparently Normal,99.0,0,0,0,Failed to Yield,To Vehicle in Intersection,0,0,0,0,0,0,0,0,0,0,0,0,0,0,0,1,0,0,0,0,0,0,0,0,0,0,0,0,0,0,0,0,0,0,0,0,0
203281050,Sequoyah,southern,US-64,US Route,1,0.0,0.0,possible_injury,0.0,0,0.0,0.0,3.0,RIGHT-ANGLE,RIGHT-ANGLE,35.40404548,-94.58642745,2020,2020-10-01,14.58,2,0,N,       ,N,N,0,Clear,Daylight,1.0,1,0,No Roadway Departure,0,N,0.0,D,4.0,74.0,M,Y,2.0,Apparently Normal,4.0,1,0,0,Failed to Yield,From Stop Sign,0,0,0,0,0,0,0,0,0,0,0,0,0,0,0,1,0,0,0,0,0,0,0,0,0,0,0,0,0,0,0,0,0,0,0,0,0
203281051,Sequoyah,southern,US-64,US Route,1,0.0,0.0,property_damage,0.0,0,0.0,0.0,0.0,RIGHT-ANGLE,RIGHT-ANGLE,35.40404548,-94.58642745,2020,2020-10-03,11.0,2,0,N,       ,N,N,0,Clear,Daylight,1.0,1,0,No Roadway Departure,0,N,0.0,D,2.0,18.0,F,Y,0.0,Apparently Normal,4.0,0,1,0,Failed to Yield,From Stop Sign,0,0,0,0,0,0,0,0,0,0,0,0,0,0,0,1,0,0,0,0,0,0,0,0,0,0,0,0,0,0,0,0,0,0,0,0,0