crash_id,county,region,highway_name,highway_class,intersection_rel,special_feature_1,special_feature_2,severity_level,visual_injured_num,fatal_num,suspected_serious_injured_num,non_incapacitated_injured_num,possibly_injured_num,crash_type,main_crash_type,latitude,longitude,year,date,time,number_of_vehicles,number_of_commercial_vehicles,work_zone,railroad_crossing,alcohol,drug,Alcohol or Drug,weather_condition,lighting_condition,road_condition,manner_of_collision,pedestrians_num,roadway_departure,cross_centerline,hit_and_run,emergency_vehicle_use,unit_type,vehicle_type,age,sex,driver_of_vehicle,injury_severity,person_condition,restraint_use,older_driver,teen_driver,Sleepy/Ill/Dizzy Driver,unsafe_unlaw_category,unsafe_unlaw_desc,Abnormal Traffic Control,Alcohol-DUI/DWI,Animal in Roadway,Apparently Sleepy,Avoiding Other Vehicle,Avoiding Pedestrian,Changed Lanes Unsafely,Deer in Roadway,Defect in Roadway,Disregarded Warning Signal,Domestic Animal in Roadway,Drug-DUI,Failed to Secure Load,Failed to Signal,Failed to Stop,Failed to Yield,Followed too Closely,Improper Backing,Improper Bicyclist Action,Improper Overtaking,Improper Parking,Improper Start From,Improper Turn,Improper Use of Lane,Distraction,Left of Center,No Improper Action by Driver,Object/Debris in Roadway,Other Improper Act/Movement,Pedestrian Action,Stopped in Traffic Lane,Speeding,Unsafe Vehicle,Wrong Way,Bad Weather,Bad Lighting,Bad Road Condition
210252482,Mayes,northern,US-69,US Route,1,0.0,0.0,property_damage,0.0,0,0.0,0.0,0.0,ANGLE-TURNING,ANGLE-TURNING,36.30079299,-95.32112295,2021,2021-01-05,16.24,3,0,N,       ,N,N,0,Cloudy,Daylight,1.0,7,0,No Roadway Departure,0,N,0.0,D,20.0,70.0,F,Y,1.0,Apparently Normal,4.0,1,0,0,Failed to Yield,Other,0,0,0,0,0,0,0,0,0,0,0,0,0,0,0,1,0,0,0,0,0,0,0,0,0,0,0,0,0,0,0,0,0,0,0,0,0
210280968,Rogers,northern,SH-88,State Highway,1,0.0,0.0,possible_injury,0.0,0,0.0,0.0,2.0,RIGHT-ANGLE,RIGHT-ANGLE,36.30947621,-95.61396748,2020,2020-12-13,11.5,2,0,N,       ,N,N,0,Snow,Daylight,4.0,1,0,No Roadway Departure,0,N,0.0,D,4.0,51.0,M,Y,1.0,Apparently Normal,4.0,0,0,0,Failed to Yield,From Stop Sign,0,0,0,0,0,0,0,0,0,0,0,0,0,0,0,1,0,0,0,0,0,0,0,0,0,0,0,0,0,0,0,0,0,0,1,0,1
210280972,Rogers,northern,SH-66,State Highway,0,1.0,0.0,incapacitating_injury,1.0,0,1.0,0.0,1.0,ANGLE-TURNING,ANGLE-TURNING,36.29382539,-95.63024498,2020,2020-12-18,12.09,2,0,N,       ,N,N,0,Clear,Daylight,1.0,6,0,No Roadway Departure,0,N,0.0,D,20.0,68.0,F,Y,4.0,Apparently Normal,4.0,1,0,0,Failed to Yield,Private Drive,0,0,0,0,0,0,0,0,0,0,0,0,0,0,0,1,0,0,0,0,0,0,0,0,0,0,0,0,0,0,0,0,0,0,0,0,0
210281006,Rogers,northern,SH-66,State Highway,1,0.0,0.0,property_damage,0.0,0,0.0,0.0,0.0,ANGLE-TURNING,ANGLE-TURNING,36.31260365,-95.61600371,2020,2020-12-12,17.29,2,0,N,       ,N,N,0,Clear,Dark / Lighted,1.0,13,0,No Roadway Departure,0,N,2.0,D,20.0,19.0,F,Y,1.0,Apparently Normal,4.0,0,1,0,Failed to Yield,From Signal Light,0,0,0,0,0,0,0,0,0,0,0,0,0,0,0,1,0,0,0,0,0,0,0,0,0,0,0,0,0,0,0,0,0,0,0,0,0
210281015,Rogers,northern,,City Street,1,0.0,0.0,non_incapacitating_injury,2.0,0,0.0,2.0,0.0,RIGHT-ANGLE,RIGHT-ANGLE,36.3157899,-95.6154445,2020,2020-12-05,16.5,2,0,N,       ,N,N,0,Clear,Daylight,1.0,1,0,No Roadway Departure,0,N,0.0,D,2.0,59.0,F,Y,3.0,Apparently Normal,4.0,0,0,0,Failed to Yield,From Stop Sign,0,0,0,0,0,0,0,0,0,0,0,0,0,0,0,1,0,0,0,0,0,0,0,0,0,0,0,0,0,0,0,0,0,0,0,0,0
210321365,Muskogee,southern,,City Street,1,99.0,80.0,property_damage,0.0,0,0.0,0.0,0.0,REAR-END,REAR-END,35.7405846,-95.3228107,2020,2020-12-01,13.59,2,0,N,       ,N,N,0,Clear,Daylight,1.0,5,0,No Roadway Departure,0,N,2.0,D,2.0,17.0,M,Y,1.0,Apparently Normal,4.0,0,1,0,Failed to Yield,To Vehicle in Intersection,0,0,0,0,0,0,0,0,0,0,0,0,0,0,0,1,0,0,0,0,0,0,0,0,0,0,0,0,0,0,0,0,0,0,0,0,0
210321441,Muskogee,southern,,City Street,1,80.0,99.0,property_damage,0.0,0,0.0,0.0,0.0,ANGLE-TURNING,ANGLE-TURNING,35.7550319,-95.3118775,2020,2020-09-17,6.4,2,0,N,       ,N,N,0,Clear,Dawn,1.0,6,0,No Roadway Departure,0,N,0.0,D,1.0,58.0,M,Y,1.0,Apparently Normal,99.0,0,0,0,Failed to Yield,From Stop Sign,0,0,0,0,0,0,0,0,0,0,0,0,0,0,0,1,0,0,0,0,0,0,0,0,0,0,0,0,0,0,0,0,0,0,0,1,0
210321740,Adair,southern,US-59,US Route,0,0.0,0.0,possible_injury,0.0,0,0.0,0.0,1.0,HEAD-ON,HEAD-ON,35.98263401,-94.58373745,2021,2021-01-27,15.28,2,0,N,       ,N,N,0,Clear,Daylight,1.0,18,0,No Roadway Departure,0,N,2.0,D,2.0,45.0,M,Y,1.0,Apparently Normal,4.0,0,0,0,Failed to Yield,Other,0,0,0,0,0,0,0,0,0,0,0,0,0,0,0,1,0,0,0,0,0,0,0,0,0,0,0,0,0,0,0,0,0,0,0,0,0
210360592,Craig,northern,US-60,US Route,1,0.0,0.0,property_damage,0.0,0,0.0,0.0,0.0,ANGLE-TURNING,ANGLE-TURNING,36.63775451,-95.15169852,2020,2020-11-24,20.41,3,1,N,       ,N,N,0,Rain,Dark / Lighted,2.0,6,0,No Roadway Departure,0,N,0.0,D,2.0,29.0,M,Y,1.0,Apparently Normal,4.0,0,0,0,Failed to Yield,From Stop Sign,0,0,0,0,0,0,0,0,0,0,0,0,0,0,0,1,0,0,0,0,0,0,0,0,0,0,0,0,0,0,0,0,0,0,1,0,0
210420533,Washington,northern,,City Street,1,99.0,80.0,property_damage,0.0,0,0.0,0.0,0.0,ANGLE-TURNING,ANGLE-TURNING,36.7382977,-95.9779001,2021,2021-01-30,16.4,3,0,N,       ,N,N,0,Clear,Daylight,2.0,6,0,No Roadway Departure,0,Y,0.0,D,20.0,0.0,9,Y,1.0,Unknown,99.0,0,0,0,Failed to Yield,From Stop Sign,0,0,0,0,0,0,0,0,0,0,0,0,0,0,0,1,0,0,0,0,0,0,0,0,0,0,0,0,0,0,0,0,0,0,0,0,0
210420547,Washington,northern,,City Street,1,99.0,80.0,property_damage,0.0,0,0.0,0.0,0.0,ANGLE-TURNING,ANGLE-TURNING,36.7506973,-95.9628034,2021,2021-01-15,21.01,2,0,N,       ,N,N,0,Clear,Dark / Lighted,1.0,6,0,No Roadway Departure,0,N,0.0,D,4.0,42.0,M,Y,1.0,Apparently Normal,4.0,0,0,0,Failed to Yield,From Stop Sign,0,0,0,0,0,0,0,0,0,0,0,0,0,0,0,1,0,0,0,0,0,0,0,0,0,0,0,0,0,0,0,0,0,0,0,0,0
210420548,Washington,northern,US-60,US Route,1,0.0,0.0,property_damage,0.0,0,0.0,0.0,0.0,ANGLE-TURNING,ANGLE-TURNING,36.72798053,-95.91720825,2021,2021-01-15,18.42,2,0,N,       ,N,N,0,Clear,Dark / Lighted,1.0,7,0,No Roadway Departure,0,N,0.0,D,20.0,16.0,F,Y,1.0,Apparently Normal,4.0,0,1,0,Failed to Yield,To Vehicle in Intersection,0,0,0,0,0,0,0,0,0,0,0,0,0,0,0,1,0,0,0,0,0,0,0,0,0,0,0,0,0,0,0,0,0,0,0,0,0
210420551,Washington,northern,US-60,US Route,1,0.0,0.0,possible_injury,0.0,0,0.0,0.0,1.0,ANGLE-TURNING,ANGLE-TURNING,36.74729938,-95.99030958,2021,2021-01-13,15.05,2,0,N,       ,N,N,0,Clear,Daylight,1.0,7,0,No Roadway Departure,0,N,0.0,D,2.0,19.0,F,Y,2.0,Apparently Normal,4.0,0,1,0,Failed to Yield,From Signal Light,0,0,0,0,0,0,0,0,0,0,0,0,0,0,0,1,0,0,0,0,0,0,0,0,0,0,0,0,0,0,0,0,0,0,0,0,0
210420557,Washington,northern,,City Street,1,99.0,80.0,property_damage,0.0,0,0.0,0.0,0.0,REAR-END,REAR-END,36.7424861,-95.917229,2021,2021-01-07,21.1,2,0,N,       ,N,N,0,Clear,Dark / Lighted,1.0,5,0,No Roadway Departure,0,N,0.0,D,2.0,30.0,M,Y,1.0,Apparently Normal,4.0,0,0,0,Failed to Yield,From Signal Light,0,0,0,0,0,0,0,0,0,0,0,0,0,0,0,1,0,0,0,0,0,0,0,0,0,0,0,0,0,0,0,0,0,0,0,0,0
210420563,Washington,northern,,City Street,1,99.0,80.0,property_damage,0.0,0,0.0,0.0,0.0,ANGLE-TURNING,ANGLE-TURNING,36.7514787,-95.9984567,2021,2021-01-03,16.1,2,0,N,       ,N,N,0,Clear,Daylight,1.0,6,0,No Roadway Departure,0,N,0.0,D,2.0,47.0,F,Y,1.0,Apparently Normal,4.0,0,0,0,Failed to Yield,From Stop Sign,0,0,0,0,0,0,0,0,0,0,0,0,0,0,0,1,0,0,0,0,0,0,0,0,0,0,0,0,0,0,0,0,0,0,0,0,0
210420576,Washington,northern,,City Street,1,0.0,0.0,possible_injury,0.0,0,0.0,0.0,1.0,RIGHT-ANGLE,RIGHT-ANGLE,36.7474433,-95.9675556,2021,2021-01-25,12.3,2,0,N,       ,N,N,0,Cloudy,Daylight,2.0,1,0,No Roadway Departure,0,N,0.0,D,2.0,16.0,M,Y,1.0,Apparently Normal,4.0,0,1,0,Failed to Yield,From Stop Sign,0,0,0,0,0,0,0,0,0,0,0,0,0,0,0,1,0,0,0,0,0,0,0,0,0,0,0,0,0,0,0,0,0,0,0,0,0
210420580,Washington,northern,US-60,US Route,0,1.0,0.0,property_damage,0.0,0,0.0,0.0,0.0,RIGHT-ANGLE,RIGHT-ANGLE,36.72802449,-95.93396162,2021,2021-01-21,17.2,2,0,N,       ,N,N,0,Clear,Daylight,1.0,1,0,No Roadway Departure,0,N,0.0,D,21.0,25.0,F,Y,1.0,Apparently Normal,4.0,0,0,0,Failed to Yield,Private Drive,0,0,0,0,0,0,0,0,0,0,0,0,0,0,0,1,0,0,0,0,0,0,0,0,0,0,0,0,0,0,0,0,0,0,0,0,0
210420581,Washington,northern,,City Street,1,99.0,80.0,property_damage,0.0,0,0.0,0.0,0.0,ANGLE-TURNING,ANGLE-TURNING,36.7439126,-95.9747947,2021,2021-01-21,10.43,2,0,N,       ,N,N,0,Clear,Daylight,1.0,6,0,No Roadway Departure,0,N,0.0,D,2.0,17.0,M,Y,1.0,Apparently Normal,4.0,0,1,0,Failed to Yield,From Stop Sign,0,0,0,0,0,0,0,0,0,0,0,0,0,0,0,1,0,0,0,0,0,0,0,0,0,0,0,0,0,0,0,0,0,0,0,0,0
210420582,Washington,northern,US-75,US Route,0,1.0,0.0,possible_injury,0.0,0,0.0,0.0,2.0,ANGLE-TURNING,ANGLE-TURNING,36.70908242,-95.93515852,2021,2021-01-21,10.35,2,0,N,       ,N,N,0,Clear,Daylight,1.0,6,0,No Roadway Departure,0,N,0.0,D,20.0,56.0,F,Y,2.0,Apparently Normal,4.0,0,0,0,Failed to Yield,Private Drive,0,0,0,0,0,0,0,0,0,0,0,0,0,0,0,1,0,0,0,0,0,0,0,0,0,0,0,0,0,0,0,0,0,0,0,0,0
210432041,Cherokee,southern,US-62,US Route,0,1.0,0.0,property_damage,0.0,0,0.0,0.0,0.0,ANGLE-TURNING,ANGLE-TURNING,35.88740234,-94.97688238,2021,2021-01-01,14.32,2,0,N,       ,N,N,0,Rain,Daylight,2.0,6,0,No Roadway Departure,0,N,2.0,D,20.0,20.0,F,Y,1.0,Apparently Normal,4.0,0,0,0,Failed to Yield,Private Drive,0,0,0,0,0,0,0,0,0,0,0,0,0,0,0,1,0,0,0,0,0,0,0,0,0,0,0,0,0,0,0,0,0,0,1,0,0
210432047,Cherokee,southern,,City Street,1,0.0,0.0,possible_injury,0.0,0,0.0,0.0,1.0,ANGLE-TURNING,ANGLE-TURNING,35.894846,-94.976913,2021,2021-01-11,11.3,2,0,N,       ,N,N,0,Clear,Daylight,1.0,6,0,No Roadway Departure,0,N,0.0,D,2.0,21.0,F,Y,2.0,Apparently Normal,4.0,0,0,0,Failed to Yield,From Stop Sign,0,0,0,0,0,0,0,0,0,0,0,0,0,0,0,1,0,0,0,0,0,0,0,0,0,0,0,0,0,0,0,0,0,0,0,0,0
210432052,Cherokee,southern,US-62,US Route,1,0.0,0.0,property_damage,0.0,0,0.0,0.0,0.0,ANGLE-TURNING,ANGLE-TURNING,35.88494657,-94.97660489,2021,2021-01-19,12.15,2,0,N,       ,N,N,0,Clear,Daylight,1.0,6,0,No Roadway Departure,0,N,0.0,D,2.0,20.0,F,Y,1.0,Apparently Normal,4.0,0,0,0,Failed to Yield,From Stop Sign,0,0,0,0,0,0,0,0,0,0,0,0,0,0,0,1,0,0,0,0,0,0,0,0,0,0,0,0,0,0,0,0,0,0,0,0,0
210432055,Cherokee,southern,US-62,US Route,1,0.0,0.0,property_damage,0.0,0,0.0,0.0,0.0,REAR-END,REAR-END,35.88812462,-94.97696416,2021,2021-01-22,13.0,2,0,N,       ,N,N,0,Clear,Daylight,1.0,2,0,No Roadway Departure,0,N,0.0,D,4.0,61.0,M,Y,1.0,Apparently Normal,4.0,0,0,0,Failed to Yield,Other,0,0,0,0,0,0,0,0,0,0,0,0,0,0,0,1,0,0,0,0,0,0,0,0,0,0,0,0,0,0,0,0,0,0,0,0,0
210432056,Cherokee,southern,US-62,US Route,1,0.0,0.0,possible_injury,0.0,0,0.0,0.0,1.0,ANGLE-TURNING,ANGLE-TURNING,35.88812462,-94.97696416,2021,2021-01-23,16.43,2,0,N,       ,N,N,0,Cloudy,Daylight,1.0,6,0,No Roadway Departure,0,N,0.0,D,20.0,28.0,F,Y,1.0,Apparently Normal,4.0,0,0,0,Failed to Yield,From Signal Light,0,0,0,0,0,0,0,0,0,0,0,0,0,0,0,1,0,0,0,0,0,0,0,0,0,0,0,0,0,0,0,0,0,0,0,0,0
210432065,Rogers,northern,,City Street,1,0.0,0.0,possible_injury,0.0,0,0.0,0.0,1.0,RIGHT-ANGLE,RIGHT-ANGLE,36.3147978,-95.6253388,2021,2021-01-19,15.56,2,0,N,       ,N,N,0,Cloudy,Daylight,1.0,1,0,No Roadway Departure,0,N,0.0,D,13.0,29.0,M,Y,1.0,Apparently Normal,4.0,0,0,0,Failed to Yield,From Stop Sign,0,0,0,0,0,0,0,0,0,0,0,0,0,0,0,1,0,0,0,0,0,0,0,0,0,0,0,0,0,0,0,0,0,0,0,0,0
210432079,Rogers,northern,SH-20,State Highway,1,0.0,0.0,possible_injury,0.0,0,0.0,0.0,1.0,ANGLE-TURNING,ANGLE-TURNING,36.3162704,-95.62506214,2021,2021-01-27,12.05,2,0,N,       ,N,N,0,Clear,Daylight,1.0,6,0,No Roadway Departure,0,N,0.0,D,2.0,19.0,M,Y,1.0,Apparently Normal,4.0,0,1,0,Failed to Yield,From Stop Sign,0,0,0,0,0,0,0,0,0,0,0,0,0,0,0,1,0,0,0,0,0,0,0,0,0,0,0,0,0,0,0,0,0,0,0,0,0
210432081,Rogers,northern,SH-66,State Highway,1,0.0,0.0,property_damage,0.0,0,0.0,0.0,0.0,RIGHT-ANGLE,RIGHT-ANGLE,36.31169871,-95.61657247,2021,2021-01-29,6.04,2,0,N,       ,N,N,0,Cloudy,Daylight,1.0,1,0,No Roadway Departure,0,N,0.0,D,20.0,31.0,F,Y,1.0,Apparently Normal,4.0,0,0,0,Failed to Yield,From Signal Light,0,0,0,0,0,0,0,0,0,0,0,0,0,0,0,1,0,0,0,0,0,0,0,0,0,0,0,0,0,0,0,0,0,0,0,0,0
210501129,Tulsa,northern,SH-135,State Highway,1,0.0,0.0,property_damage,0.0,0,0.0,0.0,0.0,RIGHT-ANGLE,RIGHT-ANGLE,36.26403555,-95.85506704,2021,2021-01-04,12.2,2,0,N,       ,N,N,0,Clear,Daylight,1.0,1,0,No Roadway Departure,0,N,0.0,D,2.0,76.0,F,Y,1.0,Apparently Normal,4.0,1,0,0,Failed to Yield,From Stop Sign,0,0,0,0,0,0,0,0,0,0,0,0,0,0,0,1,0,0,0,0,0,0,0,0,0,0,0,0,0,0,0,0,0,0,0,0,0
210501147,Tulsa,northern,,City Street,1,99.0,80.0,property_damage,0.0,0,0.0,0.0,0.0,ANGLE-TURNING,ANGLE-TURNING,36.26401649,-95.84640026,2021,2021-01-05,14.21,2,0,Y,       ,N,N,0,Clear,Daylight,1.0,7,0,No Roadway Departure,0,N,0.0,D,2.0,72.0,F,Y,1.0,Apparently Normal,6.0,1,0,0,Failed to Yield,To Vehicle in Intersection,0,0,0,0,0,0,0,0,0,0,0,0,0,0,0,1,0,0,0,0,0,0,0,0,0,0,0,0,0,0,0,0,0,0,0,0,0
210501206,Tulsa,northern,,City Street,1,0.0,0.0,non_incapacitating_injury,1.0,0,0.0,1.0,0.0,ANGLE-TURNING,ANGLE-TURNING,36.2785404,-95.8549384,2021,2021-02-03,18.58,2,0,N,       ,N,N,0,Clear,Dark / Lighted,1.0,7,0,No Roadway Departure,0,N,0.0,D,2.0,17.0,F,Y,1.0,Apparently Normal,4.0,0,1,0,Failed to Yield,From Signal Light,0,0,0,0,0,0,0,0,0,0,0,0,0,0,0,1,0,0,0,0,0,0,0,0,0,0,0,0,0,0,0,0,0,0,0,0,0
210620396,Ottawa,northern,SH-125,State Highway,1,0.0,0.0,possible_injury,0.0,0,0.0,0.0,1.0,ANGLE-TURNING,ANGLE-TURNING,36.75556929,-94.85538852,2020,2020-12-26,0.0,2,0,N,       ,N,N,0,Clear,Daylight,1.0,7,0,Roadway Departure Left,0,N,1.0,D,99.0,42.0,M,Y,2.0,Apparently Normal,4.0,0,0,0,Failed to Yield,To Vehicle in Intersection,0,0,0,0,0,0,0,0,0,0,0,0,0,0,0,1,0,0,0,0,0,0,0,0,0,0,0,0,0,0,0,0,0,0,0,0,0
210671360,Sequoyah,southern,US-64,US Route,1,0.0,0.0,property_damage,0.0,0,0.0,0.0,0.0,ANGLE-TURNING,ANGLE-TURNING,35.40404548,-94.58642745,2021,2021-02-10,8.22,2,0,N,       ,N,N,0,Cloudy,Daylight,1.0,6,0,No Roadway Departure,0,N,0.0,D,2.0,15.0,M,Y,1.0,Apparently Normal,4.0,0,1,0,Failed to Yield,From Stop Sign,0,0,0,0,0,0,0,0,0,0,0,0,0,0,0,1,0,0,0,0,0,0,0,0,0,0,0,0,0,0,0,0,0,0,0,0,0
210691253,Washington,northern,US-75,US Route,0,1.0,0.0,property_damage,0.0,0,0.0,0.0,0.0,ANGLE-TURNING,ANGLE-TURNING,36.74353431,-95.93526621,2021,2021-02-27,12.01,2,0,N,       ,N,N,0,Clear,Daylight,1.0,6,0,No Roadway Departure,0,N,0.0,D,2.0,28.0,F,Y,1.0,Apparently Normal,4.0,0,0,0,Failed to Yield,From Stop Sign,0,0,0,0,0,0,0,0,0,0,0,0,0,0,0,1,0,0,0,0,0,0,0,0,0,0,0,0,0,0,0,0,0,0,0,0,0
210691255,Washington,northern,,City Street,1,99.0,80.0,property_damage,0.0,0,0.0,0.0,0.0,ANGLE-TURNING,ANGLE-TURNING,36.7516678,-95.9894233,2021,2021-02-26,10.29,2,0,N,       ,N,N,0,Clear,Daylight,1.0,6,0,No Roadway Departure,0,N,0.0,D,1.0,55.0,F,Y,1.0,Apparently Normal,4.0,0,0,0,Failed to Yield,To Vehicle in Intersection,0,0,0,0,0,0,0,0,0,0,0,0,0,0,0,1,0,0,0,0,0,0,0,0,0,0,0,0,0,0,0,0,0,0,0,0,0
210691258,Washington,northern,US-75,US Route,0,1.0,0.0,possible_injury,0.0,0,0.0,0.0,1.0,ANGLE-TURNING,ANGLE-TURNING,36.70908242,-95.93515852,2021,2021-02-22,13.47,2,0,N,       ,N,N,0,Clear,Daylight,1.0,12,0,No Roadway Departure,0,N,0.0,D,20.0,83.0,F,Y,1.0,Apparently Normal,4.0,1,0,0,Failed to Yield,Private Drive,0,0,0,0,0,0,0,0,0,0,0,0,0,0,0,1,0,0,0,0,0,0,0,0,0,0,0,0,0,0,0,0,0,0,0,0,0
210691263,Washington,northern,,City Street,1,0.0,0.0,possible_injury,0.0,0,0.0,0.0,1.0,RIGHT-ANGLE,RIGHT-ANGLE,36.7167419,-95.9376764,2021,2021-02-13,17.4,4,0,N,       ,N,N,0,Cloudy,Daylight,3.0,1,0,No Roadway Departure,0,N,0.0,D,20.0,32.0,F,Y,1.0,Apparently Normal,4.0,0,0,0,Failed to Yield,From Stop Sign,0,0,0,0,0,0,0,0,0,0,0,0,0,0,0,1,0,0,0,0,0,0,0,0,0,0,0,0,0,0,0,0,0,0,0,0,1
210691280,Washington,northern,US-60,US Route,1,0.0,0.0,possible_injury,0.0,0,0.0,0.0,2.0,ANGLE-TURNING,ANGLE-TURNING,36.74617576,-95.96846099,2021,2021-02-05,18.1,2,0,N,       ,N,N,0,Clear,Dark / Lighted,1.0,7,0,Fixed Object,0,N,0.0,D,4.0,17.0,F,Y,1.0,Apparently Normal,4.0,0,1,0,Failed to Yield,To Vehicle in Intersection,0,0,0,0,0,0,0,0,0,0,0,0,0,0,0,1,0,0,0,0,0,0,0,0,0,0,0,0,0,0,0,0,0,0,0,0,0
210691283,Washington,northern,US-60,US Route,1,0.0,0.0,property_damage,0.0,0,0.0,0.0,0.0,ANGLE-TURNING,ANGLE-TURNING,36.72798053,-95.91720825,2021,2021-02-04,11.48,2,0,N,       ,N,N,0,Cloudy,Daylight,1.0,7,0,No Roadway Departure,0,N,0.0,D,4.0,23.0,M,Y,1.0,Apparently Normal,4.0,0,0,0,Failed to Yield,From Signal Light,0,0,0,0,0,0,0,0,0,0,0,0,0,0,0,1,0,0,0,0,0,0,0,0,0,0,0,0,0,0,0,0,0,0,0,0,0
210691284,Washington,northern,US-60,US Route,1,0.0,0.0,property_damage,0.0,0,0.0,0.0,0.0,ANGLE-TURNING,ANGLE-TURNING,36.74888609,-96.0006719,2021,2021-02-04,9.09,2,0,N,       ,N,N,0,Clear,Daylight,1.0,7,0,No Roadway Departure,0,N,0.0,D,4.0,23.0,M,Y,1.0,Apparently Normal,4.0,0,0,0,Failed to Yield,From Signal Light,0,0,0,0,0,0,0,0,0,0,0,0,0,0,0,1,0,0,0,0,0,0,0,0,0,0,0,0,0,0,0,0,0,0,0,0,0
210691316,Mayes,northern,SH-20,State Highway,1,0.0,0.0,property_damage,0.0,0,0.0,0.0,0.0,RIGHT-ANGLE,RIGHT-ANGLE,36.30609854,-95.3101386,2021,2021-01-25,20.37,2,0,N,       ,N,N,0,Cloudy,Dark / Lighted,1.0,1,0,No Roadway Departure,0,N,0.0,D,2.0,70.0,M,Y,1.0,Apparently Normal,4.0,1,0,0,Failed to Yield,From Stop Sign,0,0,0,0,0,0,0,0,0,0,0,0,0,0,0,1,0,0,0,0,0,0,0,0,0,0,0,0,0,0,0,0,0,0,0,0,0
210691317,Mayes,northern,,City Street,1,99.0,80.0,property_damage,0.0,0,0.0,0.0,0.0,REAR-END,REAR-END,36.29283954,-95.32317699,2021,2021-02-03,12.14,2,0,N,       ,N,N,0,Clear,Daylight,1.0,5,0,No Roadway Departure,0,N,0.0,D,20.0,35.0,F,Y,1.0,Apparently Normal,4.0,0,0,0,Failed to Yield,To Vehicle in Intersection,0,0,0,0,0,0,0,0,0,0,0,0,0,0,0,1,0,0,0,0,0,0,0,0,0,0,0,0,0,0,0,0,0,0,0,0,0
210691352,Rogers,northern,SH-266,State Highway,1,0.0,0.0,property_damage,0.0,0,0.0,0.0,0.0,ANGLE-TURNING,ANGLE-TURNING,36.24906564,-95.67846302,2021,2021-03-04,16.15,2,0,N,       ,N,N,0,Clear,Daylight,1.0,6,0,Roadway Departure Left,0,N,0.0,D,4.0,29.0,F,Y,1.0,Apparently Normal,4.0,0,0,0,Failed to Yield,From Stop Sign,0,0,0,0,0,0,0,0,0,0,0,0,0,0,0,1,0,0,0,0,0,0,0,0,0,0,0,0,0,0,0,0,0,0,0,0,0
210700725,Cherokee,southern,,City Street,7,99.0,80.0,property_damage,0.0,0,0.0,0.0,0.0,ANGLE-TURNING,ANGLE-TURNING,35.89194719,-94.977228,2021,2021-02-04,17.18,2,0,N,       ,N,N,0,Clear,Daylight,1.0,6,0,No Roadway Departure,0,N,0.0,D,20.0,20.0,F,Y,1.0,Apparently Normal,4.0,0,0,0,Failed to Yield,From Stop Sign,0,0,0,0,0,0,0,0,0,0,0,0,0,0,0,1,0,0,0,0,0,0,0,0,0,0,0,0,0,0,0,0,0,0,0,0,0
210700727,Cherokee,southern,,City Street,1,99.0,80.0,property_damage,0.0,0,0.0,0.0,0.0,REAR-END,REAR-END,35.9153869,-94.957804,2021,2021-02-06,15.08,2,0,N,       ,N,N,0,Rain,Daylight,2.0,3,0,No Roadway Departure,0,N,0.0,D,2.0,21.0,M,Y,1.0,Apparently Normal,4.0,0,0,0,Failed to Yield,From Signal Light,0,0,0,0,0,0,0,0,0,0,0,0,0,0,0,1,0,0,0,0,0,0,0,0,0,0,0,0,0,0,0,0,0,0,1,0,0
210700735,Cherokee,southern,US-62,US Route,1,0.0,0.0,property_damage,0.0,0,0.0,0.0,0.0,RIGHT-ANGLE,RIGHT-ANGLE,35.88494657,-94.97660489,2021,2021-02-22,15.28,2,0,N,       ,N,N,0,Clear,Daylight,1.0,1,0,No Roadway Departure,0,N,0.0,D,2.0,16.0,M,Y,1.0,Apparently Normal,4.0,0,1,0,Failed to Yield,From Stop Sign,0,0,0,0,0,0,0,0,0,0,0,0,0,0,0,1,0,0,0,0,0,0,0,0,0,0,0,0,0,0,0,0,0,0,0,0,0
210700740,Cherokee,southern,US-62,US Route,0,1.0,0.0,property_damage,0.0,0,0.0,0.0,0.0,RIGHT-ANGLE,RIGHT-ANGLE,35.88740234,-94.97688238,2021,2021-02-26,18.49,2,0,N,       ,N,N,0,Clear,Dark / Lighted,2.0,1,0,No Roadway Departure,0,N,0.0,D,20.0,20.0,M,Y,1.0,Apparently Normal,4.0,0,0,0,Failed to Yield,Private Drive,0,0,0,0,0,0,0,0,0,0,0,0,0,0,0,1,0,0,0,0,0,0,0,0,0,0,0,0,0,0,0,0,0,0,0,0,0
210700741,Cherokee,southern,US-62,US Route,1,0.0,0.0,property_damage,0.0,0,0.0,0.0,0.0,ANGLE-TURNING,ANGLE-TURNING,35.89169708,-94.97474474,2021,2021-02-28,16.03,2,0,N,       ,N,N,0,Rain,Daylight,1.0,13,0,No Roadway Departure,0,N,0.0,D,2.0,32.0,M,Y,1.0,Apparently Normal,4.0,0,0,0,Failed to Yield,From Stop Sign,0,0,0,0,0,0,0,0,0,0,0,0,0,0,0,1,0,0,0,0,0,0,0,0,0,0,0,0,0,0,0,0,0,0,1,0,0