crash_id,county,region,highway_name,highway_class,intersection_rel,special_feature_1,special_feature_2,severity_level,visual_injured_num,fatal_num,suspected_serious_injured_num,non_incapacitated_injured_num,possibly_injured_num,crash_type,main_crash_type,latitude,longitude,year,date,time,number_of_vehicles,number_of_commercial_vehicles,work_zone,railroad_crossing,alcohol,drug,Alcohol or Drug,weather_condition,lighting_condition,road_condition,manner_of_collision,pedestrians_num,roadway_departure,cross_centerline,hit_and_run,emergency_vehicle_use,unit_type,vehicle_type,age,sex,driver_of_vehicle,injury_severity,person_condition,restraint_use,older_driver,teen_driver,Sleepy/Ill/Dizzy Driver,unsafe_unlaw_category,unsafe_unlaw_desc,Abnormal Traffic Control,Alcohol-DUI/DWI,Animal in Roadway,Apparently Sleepy,Avoiding Other Vehicle,Avoiding Pedestrian,Changed Lanes Unsafely,Deer in Roadway,Defect in Roadway,Disregarded Warning Signal,Domestic Animal in Roadway,Drug-DUI,Failed to Secure Load,Failed to Signal,Failed to Stop,Failed to Yield,Followed too Closely,Improper Backing,Improper Bicyclist Action,Improper Overtaking,Improper Parking,Improper Start From,Improper Turn,Improper Use of Lane,Distraction,Left of Center,No Improper Action by Driver,Object/Debris in Roadway,Other Improper Act/Movement,Pedestrian Action,Stopped in Traffic Lane,Speeding,Unsafe Vehicle,Wrong Way,Bad Weather,Bad Lighting,Bad Road Condition
213053135,Tulsa,northern,,City Street,6,1.0,0.0,non_incapacitating_injury,1.0,0,0.0,1.0,0.0,ANGLE-TURNING,ANGLE-TURNING,36.3220708,-95.82979817,2021,2021-09-28,17.03,2,0,N,       ,N,N,0,Clear,Daylight,1.0,6,0,No Roadway Departure,0,N,2.0,D,2.0,27.0,M,Y,1.0,Apparently Normal,4.0,0,0,0,Failed to Yield,From Stop Sign,0,0,0,0,0,0,0,0,0,0,0,0,0,0,0,1,0,0,0,0,0,0,0,0,0,0,0,0,0,0,0,0,0,0,0,0,0
213053137,Tulsa,northern,US-169,US Route,1,21.0,0.0,property_damage,0.0,0,0.0,0.0,0.0,ANGLE-TURNING,ANGLE-TURNING,36.26381007,-95.84792564,2021,2021-09-25,20.31,2,0,N,       ,N,N,0,Clear,Dark / Lighted,1.0,12,0,No Roadway Departure,0,N,0.0,D,20.0,26.0,F,Y,1.0,Apparently Normal,4.0,0,0,0,Failed to Yield,From Signal Light,0,0,0,0,0,0,0,0,0,0,0,0,0,0,0,1,0,0,0,0,0,0,0,0,0,0,0,0,0,0,0,0,0,0,0,0,0
213053138,Tulsa,northern,SH-135,State Highway,1,0.0,0.0,property_damage,0.0,0,0.0,0.0,0.0,RIGHT-ANGLE,RIGHT-ANGLE,36.26403696,-95.85381331,2021,2021-09-25,15.24,2,0,N,       ,N,N,0,Clear,Daylight,1.0,1,0,No Roadway Departure,0,N,0.0,D,20.0,16.0,F,Y,1.0,Apparently Normal,99.0,0,1,0,Failed to Yield,From Stop Sign,0,0,0,0,0,0,0,0,0,0,0,0,0,0,0,1,0,0,0,0,0,0,0,0,0,0,0,0,0,0,0,0,0,0,0,0,0
213053213,Tulsa,northern,,City Street,6,99.0,80.0,property_damage,0.0,0,0.0,0.0,0.0,REAR-END,REAR-END,36.263966,-95.85011137,2021,2021-09-04,18.3,2,0,N,       ,N,N,0,Clear,Daylight,1.0,2,0,No Roadway Departure,0,N,0.0,D,2.0,36.0,F,Y,1.0,Apparently Normal,4.0,0,0,0,Failed to Yield,Private Drive,0,0,0,0,0,0,0,0,0,0,0,0,0,0,0,1,0,0,0,0,0,0,0,0,0,0,0,0,0,0,0,0,0,0,0,0,0
213053215,Tulsa,northern,,City Street,6,99.0,80.0,property_damage,0.0,0,0.0,0.0,0.0,ANGLE-TURNING,ANGLE-TURNING,36.2785311,-95.82982877,2021,2021-09-02,15.05,2,0,N,       ,N,N,0,Clear,Daylight,1.0,6,0,No Roadway Departure,0,N,0.0,D,1.0,17.0,M,Y,1.0,Apparently Normal,4.0,0,1,0,Failed to Yield,Private Drive,0,0,0,0,0,0,0,0,0,0,0,0,0,0,0,1,0,0,0,0,0,0,0,0,0,0,0,0,0,0,0,0,0,0,0,0,0
213053218,Tulsa,northern,US-169,US Route,1,20.0,0.0,property_damage,0.0,0,0.0,0.0,0.0,ANGLE-TURNING,ANGLE-TURNING,36.26381007,-95.84792564,2021,2021-08-30,17.53,2,0,N,       ,N,N,0,Clear,Daylight,1.0,7,0,No Roadway Departure,0,N,0.0,D,2.0,21.0,F,Y,1.0,Apparently Normal,4.0,0,0,0,Failed to Yield,To Vehicle in Intersection,0,0,0,0,0,0,0,0,0,0,0,0,0,0,0,1,0,0,0,0,0,0,0,0,0,0,0,0,0,0,0,0,0,0,0,0,0
213053222,Tulsa,northern,SH-135,State Highway,1,1.0,0.0,non_incapacitating_injury,1.0,0,0.0,1.0,0.0,RIGHT-ANGLE,RIGHT-ANGLE,36.26403959,-95.85148495,2021,2021-09-14,17.57,2,0,N,       ,N,N,0,Clear,Daylight,1.0,1,0,No Roadway Departure,0,N,0.0,D,2.0,28.0,F,Y,1.0,Apparently Normal,4.0,0,0,0,Failed to Yield,Private Drive,0,0,0,0,0,0,0,0,0,0,0,0,0,0,0,1,0,0,0,0,0,0,0,0,0,0,0,0,0,0,0,0,0,0,0,0,0
213053226,Tulsa,northern,,City Street,1,99.0,80.0,property_damage,0.0,0,0.0,0.0,0.0,ANGLE-TURNING,ANGLE-TURNING,36.2853414,-95.8481494,2021,2021-09-13,14.43,2,0,N,       ,N,N,0,Clear,Daylight,1.0,6,0,No Roadway Departure,0,N,0.0,D,24.0,24.0,F,Y,1.0,Apparently Normal,4.0,0,0,0,Failed to Yield,From Signal Light,0,0,0,0,0,0,0,0,0,0,0,0,0,0,0,1,0,0,0,0,0,0,0,0,0,0,0,0,0,0,0,0,0,0,0,0,0
213053227,Tulsa,northern,US-169,US Route,1,20.0,0.0,possible_injury,0.0,0,0.0,0.0,1.0,ANGLE-TURNING,ANGLE-TURNING,36.26381007,-95.84792564,2021,2021-09-13,7.06,2,0,N,       ,N,N,0,Clear,Daylight,1.0,8,0,No Roadway Departure,0,N,0.0,D,20.0,61.0,F,Y,1.0,Apparently Normal,4.0,0,0,0,Failed to Yield,From Signal Light,0,0,0,0,0,0,0,0,0,0,0,0,0,0,0,1,0,0,0,0,0,0,0,0,0,0,0,0,0,0,0,0,0,0,0,0,0
213053265,Mayes,northern,SH-20,State Highway,1,0.0,0.0,non_incapacitating_injury,1.0,0,0.0,1.0,0.0,RIGHT-ANGLE,RIGHT-ANGLE,36.2999881,-95.25626364,2021,2021-10-23,18.13,2,0,N,       ,N,N,0,Clear,Daylight,1.0,1,0,No Roadway Departure,0,N,0.0,D,4.0,55.0,M,Y,3.0,Apparently Normal,4.0,0,0,0,Failed to Yield,From Stop Sign,0,0,0,0,0,0,0,0,0,0,0,0,0,0,0,1,0,0,0,0,0,0,0,0,0,0,0,0,0,0,0,0,0,0,0,0,0
213080938,Sequoyah,southern,US-59,US Route,1,0.0,0.0,possible_injury,0.0,0,0.0,0.0,1.0,ANGLE-TURNING,ANGLE-TURNING,35.45381347,-94.80642567,2021,2021-09-05,12.08,2,1,N,       ,N,N,0,Clear,Daylight,1.0,7,0,No Roadway Departure,0,N,0.0,D,10.0,66.0,M,Y,1.0,Apparently Normal,4.0,1,0,0,Failed to Yield,From Signal Light,0,0,0,0,0,0,0,0,0,0,0,0,0,0,0,1,0,0,0,0,0,0,0,0,0,0,0,0,0,0,0,0,0,0,0,0,0
213081026,Sequoyah,southern,US-59,US Route,1,0.0,0.0,property_damage,0.0,0,0.0,0.0,0.0,ANGLE-TURNING,ANGLE-TURNING,35.46068802,-94.78703778,2021,2021-08-25,13.4,2,0,N,       ,N,N,0,Clear,Daylight,1.0,13,0,No Roadway Departure,0,N,2.0,D,4.0,34.0,M,Y,1.0,Apparently Normal,4.0,0,0,0,Failed to Yield,Other,0,0,0,0,0,0,0,0,0,0,0,0,0,0,0,1,0,0,0,0,0,0,0,0,0,0,0,0,0,0,0,0,0,0,0,0,0
213081677,Sequoyah,southern,US-59,US Route,0,0.0,0.0,property_damage,0.0,0,0.0,0.0,0.0,SIDESWIPE-SAME,SIDESWIPE-SAME,35.46016897,-94.79498451,2021,2021-10-25,17.03,2,0,N,       ,N,N,0,Clear,Daylight,1.0,16,0,No Roadway Departure,0,N,0.0,D,2.0,20.0,F,Y,1.0,Apparently Normal,4.0,0,0,0,Failed to Yield,To Vehicle on Right,0,0,0,0,0,0,0,0,0,0,0,0,0,0,0,1,0,0,0,0,0,0,0,0,0,0,0,0,0,0,0,0,0,0,0,0,0
213081727,Cherokee,southern,,City Street,1,99.0,80.0,property_damage,0.0,0,0.0,0.0,0.0,ANGLE-TURNING,ANGLE-TURNING,35.917159,-94.970681,2021,2021-10-01,20.34,2,0,N,       ,N,N,0,Clear,Dark / Unlighted,2.0,6,0,No Roadway Departure,0,N,0.0,D,4.0,39.0,M,Y,1.0,Apparently Normal,4.0,0,0,0,Failed to Yield,From Stop Sign,0,0,0,0,0,0,0,0,0,0,0,0,0,0,0,1,0,0,0,0,0,0,0,0,0,0,0,0,0,0,0,0,0,0,0,1,0
213081735,Cherokee,southern,,City Street,1,99.0,80.0,property_damage,0.0,0,0.0,0.0,0.0,ANGLE-TURNING,ANGLE-TURNING,35.916123,-94.9758229,2021,2021-10-11,11.0,2,0,N,       ,N,N,0,Clear,Daylight,1.0,6,0,No Roadway Departure,0,N,0.0,D,2.0,15.0,F,Y,1.0,Apparently Normal,4.0,0,1,0,Failed to Yield,From Stop Sign,0,0,0,0,0,0,0,0,0,0,0,0,0,0,0,1,0,0,0,0,0,0,0,0,0,0,0,0,0,0,0,0,0,0,0,0,0
213081737,Cherokee,southern,,City Street,1,0.0,0.0,possible_injury,0.0,0,0.0,0.0,1.0,ANGLE-TURNING,ANGLE-TURNING,35.91538,-94.961165,2021,2021-10-12,7.59,2,0,N,       ,N,N,0,Clear,Daylight,1.0,6,0,No Roadway Departure,0,N,0.0,D,20.0,18.0,F,Y,1.0,Apparently Normal,4.0,0,1,0,Failed to Yield,From Stop Sign,0,0,0,0,0,0,0,0,0,0,0,0,0,0,0,1,0,0,0,0,0,0,0,0,0,0,0,0,0,0,0,0,0,0,0,0,0
213081739,Cherokee,southern,,City Street,1,0.0,0.0,property_damage,0.0,0,0.0,0.0,0.0,RIGHT-ANGLE,RIGHT-ANGLE,35.910463,-94.97385,2021,2021-10-04,20.54,2,0,N,       ,N,N,0,Clear,Dark / Unlighted,1.0,1,0,No Roadway Departure,0,N,0.0,D,1.0,19.0,F,Y,1.0,Apparently Normal,4.0,0,1,0,Failed to Yield,From Stop Sign,0,0,0,0,0,0,0,0,0,0,0,0,0,0,0,1,0,0,0,0,0,0,0,0,0,0,0,0,0,0,0,0,0,0,0,1,0
213081741,Cherokee,southern,US-62,US Route,0,1.0,0.0,incapacitating_injury,4.0,0,1.0,3.0,0.0,RIGHT-ANGLE,RIGHT-ANGLE,35.87915476,-94.97621686,2021,2021-10-13,19.56,2,0,N,       ,N,N,0,Rain,Dark / Lighted,2.0,1,0,No Roadway Departure,0,N,0.0,D,2.0,22.0,M,Y,3.0,Apparently Normal,4.0,0,0,0,Failed to Yield,Private Drive,0,0,0,0,0,0,0,0,0,0,0,0,0,0,0,1,0,0,0,0,0,0,0,0,0,0,0,0,0,0,0,0,0,0,1,0,0
213090810,Sequoyah,southern,US-64,US Route,1,0.0,0.0,property_damage,0.0,0,0.0,0.0,0.0,ANGLE-TURNING,ANGLE-TURNING,35.4588397,-94.77026763,2021,2021-03-29,10.27,2,1,N,       ,N,N,0,Clear,Daylight,1.0,7,0,No Roadway Departure,0,N,0.0,D,2.0,25.0,M,Y,1.0,Apparently Normal,4.0,0,0,0,Failed to Yield,From Signal Light,0,0,0,0,0,0,0,0,0,0,0,0,0,0,0,1,0,0,0,0,0,0,0,0,0,0,0,0,0,0,0,0,0,0,0,0,0
213090818,Sequoyah,southern,,City Street,6,99.0,80.0,property_damage,0.0,0,0.0,0.0,0.0,ANGLE-TURNING,ANGLE-TURNING,35.446225,-94.80513967,2021,2021-04-13,14.45,2,0,N,       ,N,N,0,Cloudy,Daylight,1.0,7,0,No Roadway Departure,0,N,0.0,D,4.0,53.0,F,Y,1.0,Apparently Normal,4.0,0,0,0,Failed to Yield,Private Drive,0,0,0,0,0,0,0,0,0,0,0,0,0,0,0,1,0,0,0,0,0,0,0,0,0,0,0,0,0,0,0,0,0,0,0,0,0
213090830,Sequoyah,southern,US-59,US Route,1,35.0,0.0,property_damage,0.0,0,0.0,0.0,0.0,REAR-END,REAR-END,35.45991131,-94.80259873,2021,2021-05-24,13.52,2,0,N,       ,N,N,0,Cloudy,Daylight,1.0,5,0,No Roadway Departure,0,N,0.0,D,20.0,78.0,F,Y,1.0,Apparently Normal,4.0,1,0,0,Failed to Yield,Other,0,0,0,0,0,0,0,0,0,0,0,0,0,0,0,1,0,0,0,0,0,0,0,0,0,0,0,0,0,0,0,0,0,0,0,0,0
213090907,Sequoyah,southern,US-59,US Route,1,0.0,0.0,possible_injury,0.0,0,0.0,0.0,1.0,REAR-END,REAR-END,35.46068802,-94.78703778,2021,2021-06-12,17.1,2,0,N,       ,N,N,0,Clear,Daylight,1.0,4,0,No Roadway Departure,0,N,0.0,D,2.0,32.0,F,Y,1.0,Apparently Normal,4.0,0,0,0,Failed to Yield,Other,0,0,0,0,0,0,0,0,0,0,0,0,0,0,0,1,0,0,0,0,0,0,0,0,0,0,0,0,0,0,0,0,0,0,0,0,0
213090912,Sequoyah,southern,,City Street,8,99.0,80.0,property_damage,0.0,0,0.0,0.0,0.0,ANGLE-TURNING,ANGLE-TURNING,35.446225,-94.80581233,2021,2021-06-22,14.35,2,0,N,       ,N,N,0,Clear,Daylight,1.0,6,0,No Roadway Departure,0,N,0.0,D,20.0,76.0,M,Y,1.0,Other,4.0,1,0,0,Failed to Yield,Private Drive,0,0,0,0,0,0,0,0,0,0,0,0,0,0,0,1,0,0,0,0,0,0,0,0,0,0,0,0,0,0,0,0,0,0,0,0,0
213090913,Sequoyah,southern,,City Street,1,99.0,80.0,property_damage,0.0,0,0.0,0.0,0.0,ANGLE-TURNING,ANGLE-TURNING,35.4634,-94.796659,2021,2021-06-23,14.45,2,0,N,       ,N,N,0,Clear,Daylight,1.0,6,0,No Roadway Departure,0,N,0.0,D,2.0,35.0,M,Y,1.0,Apparently Normal,4.0,0,0,0,Failed to Yield,From Stop Sign,0,0,0,0,0,0,0,0,0,0,0,0,0,0,0,1,0,0,0,0,0,0,0,0,0,0,0,0,0,0,0,0,0,0,0,0,0
213091515,Sequoyah,southern,US-59,US Route,0,1.0,0.0,property_damage,0.0,0,0.0,0.0,0.0,RIGHT-ANGLE,RIGHT-ANGLE,35.45867104,-94.80746813,2021,2021-07-03,16.4,2,0,N,       ,N,N,0,Clear,Daylight,1.0,1,0,No Roadway Departure,0,N,0.0,D,2.0,17.0,M,Y,1.0,Apparently Normal,4.0,0,1,0,Failed to Yield,Private Drive,0,0,0,0,0,0,0,0,0,0,0,0,0,0,0,1,0,0,0,0,0,0,0,0,0,0,0,0,0,0,0,0,0,0,0,0,0
213091876,Rogers,northern,SH-66,State Highway,1,20.0,0.0,property_damage,0.0,0,0.0,0.0,0.0,REAR-END,REAR-END,36.24678362,-95.6713279,2021,2021-11-02,15.18,2,0,N,       ,N,N,0,Rain,Daylight,2.0,2,0,No Roadway Departure,0,N,2.0,D,21.0,30.0,M,Y,1.0,Apparently Normal,4.0,0,0,0,Failed to Yield,From Yield Sign,0,0,0,0,0,0,0,0,0,0,0,0,0,0,0,1,0,0,0,0,0,0,0,0,0,0,0,0,0,0,0,0,0,0,1,0,0
213140481,Tulsa,northern,US-169,US Route,0,31.0,0.0,non_incapacitating_injury,1.0,0,0.0,1.0,0.0,SIDESWIPE-SAME,SIDESWIPE-SAME,36.28045692,-95.8474152,2021,2021-10-21,15.04,2,1,N,       ,N,N,0,Clear,Daylight,1.0,38,0,No Roadway Departure,0,N,0.0,D,20.0,22.0,F,Y,3.0,Apparently Normal,4.0,0,0,0,Failed to Yield,Other,0,0,0,0,0,0,0,0,0,0,0,0,0,0,0,1,0,0,0,0,0,0,0,0,0,0,0,0,0,0,0,0,0,0,0,0,0
213141339,Sequoyah,southern,US-59,US Route,1,0.0,0.0,property_damage,0.0,0,0.0,0.0,0.0,REAR-END,REAR-END,35.4603422,-94.79233302,2021,2021-03-21,15.59,2,0,N,       ,N,N,0,Clear,Daylight,1.0,2,0,No Roadway Departure,0,N,0.0,D,2.0,22.0,M,Y,1.0,Apparently Normal,4.0,0,0,0,Failed to Yield,Other,0,0,0,0,0,0,0,0,0,0,0,0,0,0,0,1,0,0,0,0,0,0,0,0,0,0,0,0,0,0,0,0,0,0,0,0,0
213141382,Tulsa,northern,,City Street,1,0.0,0.0,possible_injury,0.0,0,0.0,0.0,1.0,RIGHT-ANGLE,RIGHT-ANGLE,36.27126541,-95.84844142,2021,2021-10-15,20.13,2,0,N,       ,N,N,0,Clear,Dark / Lighted,1.0,1,0,Roadway Departure Right,0,N,0.0,D,2.0,22.0,M,Y,1.0,Apparently Normal,99.0,0,0,0,Failed to Yield,From Stop Sign,0,0,0,0,0,0,0,0,0,0,0,0,0,0,0,1,0,0,0,0,0,0,0,0,0,0,0,0,0,0,0,0,0,0,0,0,0
213193102,Washington,northern,US-75,US Route,0,5.0,1.0,property_damage,0.0,0,0.0,0.0,0.0,ANGLE-TURNING,ANGLE-TURNING,36.73193453,-95.93525205,2021,2021-10-18,16.54,2,1,Y,       ,N,N,0,Clear,Daylight,1.0,12,0,No Roadway Departure,0,N,0.0,D,2.0,69.0,M,Y,1.0,Apparently Normal,4.0,1,0,0,Failed to Yield,Private Drive,0,0,0,0,0,0,0,0,0,0,0,0,0,0,0,1,0,0,0,0,0,0,0,0,0,0,0,0,0,0,0,0,0,0,0,0,0
213193442,Sequoyah,southern,US-59,US Route,1,0.0,0.0,property_damage,0.0,0,0.0,0.0,0.0,ANGLE-TURNING,ANGLE-TURNING,35.44371644,-94.80549003,2021,2021-01-26,13.45,2,0,N,       ,N,N,0,Clear,Daylight,1.0,6,0,No Roadway Departure,0,N,0.0,D,2.0,32.0,F,Y,1.0,Apparently Normal,4.0,0,0,0,Failed to Yield,To Vehicle in Intersection,0,0,0,0,0,0,0,0,0,0,0,0,0,0,0,1,0,0,0,0,0,0,0,0,0,0,0,0,0,0,0,0,0,0,0,0,0
213193446,Sequoyah,southern,US-59,US Route,1,0.0,0.0,property_damage,0.0,0,0.0,0.0,0.0,ANGLE-TURNING,ANGLE-TURNING,35.46012277,-94.79569158,2021,2021-02-04,17.1,2,0,N,       ,N,N,0,Cloudy,Daylight,1.0,7,0,No Roadway Departure,0,N,2.0,D,4.0,18.0,M,Y,1.0,Apparently Normal,4.0,0,1,0,Failed to Yield,From Stop Sign,0,0,0,0,0,0,0,0,0,0,0,0,0,0,0,1,0,0,0,0,0,0,0,0,0,0,0,0,0,0,0,0,0,0,0,0,0
213193448,Sequoyah,southern,,City Street,6,99.0,80.0,property_damage,0.0,0,0.0,0.0,0.0,REAR-END,REAR-END,35.446225,-94.80513967,2021,2021-02-04,14.1,2,0,N,       ,N,N,0,Cloudy,Daylight,1.0,3,0,No Roadway Departure,0,N,2.0,D,2.0,26.0,F,Y,1.0,Apparently Normal,4.0,0,0,0,Failed to Yield,Private Drive,0,0,0,0,0,0,0,0,0,0,0,0,0,0,0,1,0,0,0,0,0,0,0,0,0,0,0,0,0,0,0,0,0,0,0,0,0
213193957,Sequoyah,southern,US-64,US Route,1,0.0,0.0,non_incapacitating_injury,1.0,0,0.0,1.0,0.0,ANGLE-TURNING,ANGLE-TURNING,35.39964715,-94.60880837,2021,2021-10-02,11.14,2,0,N,       ,N,N,0,Rain,Daylight,1.0,12,0,No Roadway Departure,0,N,0.0,D,4.0,16.0,M,Y,1.0,Apparently Normal,4.0,0,1,0,Failed to Yield,From Stop Sign,0,0,0,0,0,0,0,0,0,0,0,0,0,0,0,1,0,0,0,0,0,0,0,0,0,0,0,0,0,0,0,0,0,0,1,0,0
213194036,Tulsa,northern,,City Street,1,99.0,80.0,property_damage,0.0,0,0.0,0.0,0.0,REAR-END,REAR-END,36.3075504,-95.8481097,2021,2021-10-23,19.03,2,0,N,       ,N,N,0,Clear,Dark / Unlighted,1.0,2,0,No Roadway Departure,0,N,0.0,D,20.0,44.0,M,Y,1.0,Apparently Normal,4.0,0,0,0,Failed to Yield,To Vehicle on Right,0,0,0,0,0,0,0,0,0,0,0,0,0,0,0,1,0,0,0,0,0,0,0,0,0,0,0,0,0,0,0,0,0,0,0,1,0
213194043,Tulsa,northern,,City Street,1,99.0,80.0,property_damage,0.0,0,0.0,0.0,0.0,REAR-END,REAR-END,36.2785425,-95.8436475,2021,2021-10-28,17.48,2,0,N,       ,N,N,0,Cloudy,Daylight,2.0,4,0,No Roadway Departure,0,N,0.0,D,2.0,62.0,F,Y,1.0,Apparently Normal,4.0,0,0,0,Failed to Yield,From Signal Light,0,0,0,0,0,0,0,0,0,0,0,0,0,0,0,1,0,0,0,0,0,0,0,0,0,0,0,0,0,0,0,0,0,0,0,0,0
213194047,Tulsa,northern,,City Street,1,99.0,80.0,property_damage,0.0,0,0.0,0.0,0.0,REAR-END,REAR-END,36.3075504,-95.8481097,2021,2021-10-30,24.0,2,0,N,       ,N,N,0,Clear,Dark / Lighted,1.0,3,0,No Roadway Departure,0,N,0.0,D,20.0,19.0,F,Y,1.0,Apparently Normal,4.0,0,1,0,Failed to Yield,To Vehicle in Intersection,0,0,0,0,0,0,0,0,0,0,0,0,0,0,0,1,0,0,0,0,0,0,0,0,0,0,0,0,0,0,0,0,0,0,0,0,0
213194050,Washington,northern,,City Street,1,99.0,80.0,property_damage,0.0,0,0.0,0.0,0.0,ANGLE-TURNING,ANGLE-TURNING,36.7487251,-95.9662771,2021,2021-10-31,9.48,2,0,N,       ,N,N,0,Clear,Daylight,1.0,6,0,No Roadway Departure,0,N,0.0,D,2.0,16.0,M,Y,1.0,Apparently Normal,4.0,0,1,0,Failed to Yield,From Stop Sign,0,0,0,0,0,0,0,0,0,0,0,0,0,0,0,1,0,0,0,0,0,0,0,0,0,0,0,0,0,0,0,0,0,0,0,0,0
213194052,Washington,northern,,City Street,7,0.0,0.0,possible_injury,0.0,0,0.0,0.0,1.0,PEDESTRIAN,PEDESTRIAN,36.74228939,-95.9533635,2021,2021-10-30,14.17,1,0,N,       ,N,N,0,Clear,Daylight,1.0,21,0,No Roadway Departure,0,N,0.0,D,2.0,64.0,F,Y,1.0,Apparently Normal,4.0,0,0,0,Failed to Yield,From Stop Sign,0,0,0,0,0,0,0,0,0,0,0,0,0,0,0,1,0,0,0,0,0,0,0,0,0,0,0,0,0,0,0,0,0,0,0,0,0
213194053,Washington,northern,,City Street,1,99.0,80.0,property_damage,0.0,0,0.0,0.0,0.0,REAR-END,REAR-END,36.7291132,-95.919525,2021,2021-10-30,7.56,2,0,N,       ,N,N,0,Clear,Daylight,1.0,5,0,No Roadway Departure,0,N,0.0,D,20.0,88.0,F,Y,1.0,Apparently Normal,4.0,1,0,0,Failed to Yield,From Yield Sign,0,0,0,0,0,0,0,0,0,0,0,0,0,0,0,1,0,0,0,0,0,0,0,0,0,0,0,0,0,0,0,0,0,0,0,0,0
213194054,Washington,northern,,City Street,1,99.0,80.0,property_damage,0.0,0,0.0,0.0,0.0,ANGLE-TURNING,ANGLE-TURNING,36.7516678,-95.9894233,2021,2021-10-29,18.09,2,0,N,       ,N,N,0,Clear,Daylight,1.0,6,0,No Roadway Departure,0,N,0.0,D,2.0,31.0,F,Y,1.0,Apparently Normal,4.0,0,0,0,Failed to Yield,From Stop Sign,0,0,0,0,0,0,0,0,0,0,0,0,0,0,0,1,0,0,0,0,0,0,0,0,0,0,0,0,0,0,0,0,0,0,0,0,0
213194058,Washington,northern,,City Street,1,99.0,80.0,property_damage,0.0,0,0.0,0.0,0.0,ANGLE-TURNING,ANGLE-TURNING,36.7506324,-95.9732418,2021,2021-10-27,10.52,2,0,N,       ,N,N,0,Rain,Daylight,2.0,7,0,No Roadway Departure,0,N,0.0,D,1.0,28.0,F,Y,1.0,Apparently Normal,4.0,0,0,0,Failed to Yield,From Signal Light,0,0,0,0,0,0,0,0,0,0,0,0,0,0,0,1,0,0,0,0,0,0,0,0,0,0,0,0,0,0,0,0,0,0,1,0,0
213194059,Washington,northern,,City Street,1,99.0,80.0,property_damage,0.0,0,0.0,0.0,0.0,REAR-END,REAR-END,36.7448909,-95.9675425,2021,2021-10-27,7.48,2,0,N,       ,N,N,0,Rain,Daylight,2.0,5,0,No Roadway Departure,0,N,0.0,D,4.0,17.0,M,Y,1.0,Apparently Normal,4.0,0,1,0,Failed to Yield,From Stop Sign,0,0,0,0,0,0,0,0,0,0,0,0,0,0,0,1,0,0,0,0,0,0,0,0,0,0,0,0,0,0,0,0,0,0,1,0,0
213194062,Washington,northern,US-75,US Route,1,0.0,0.0,possible_injury,0.0,0,0.0,0.0,4.0,ANGLE-TURNING,ANGLE-TURNING,36.75803278,-95.93547311,2021,2021-10-25,18.45,2,0,N,       ,N,N,0,Clear,Dark / Unlighted,1.0,12,0,No Roadway Departure,0,N,0.0,D,2.0,60.0,F,Y,2.0,Apparently Normal,4.0,0,0,0,Failed to Yield,From Stop Sign,0,0,0,0,0,0,0,0,0,0,0,0,0,0,0,1,0,0,0,0,0,0,0,0,0,0,0,0,0,0,0,0,0,0,0,1,0
213194066,Washington,northern,US-60,US Route,1,0.0,0.0,property_damage,0.0,0,0.0,0.0,0.0,ANGLE-TURNING,ANGLE-TURNING,36.74260797,-95.95390299,2021,2021-10-23,18.38,2,0,N,       ,Y,N,1,Clear,Dark / Lighted,1.0,7,0,No Roadway Departure,0,N,0.0,D,4.0,29.0,M,Y,1.0,Odor of Alcohol Beverage,4.0,0,0,0,Failed to Yield,From Signal Light,0,0,0,0,0,0,0,0,0,0,0,0,0,0,0,1,0,0,0,0,0,0,0,0,0,0,0,0,0,0,0,0,0,0,0,0,0
213194071,Washington,northern,US-75,US Route,1,5.0,0.0,property_damage,0.0,0,0.0,0.0,0.0,ANGLE-TURNING,ANGLE-TURNING,36.74860795,-95.9354183,2021,2021-10-13,11.15,2,0,Y,       ,N,N,0,Clear,Daylight,1.0,7,0,No Roadway Departure,0,N,0.0,D,2.0,64.0,M,Y,1.0,Apparently Normal,4.0,0,0,0,Failed to Yield,From Signal Light,0,0,0,0,0,0,0,0,0,0,0,0,0,0,0,1,0,0,0,0,0,0,0,0,0,0,0,0,0,0,0,0,0,0,0,0,0
213194072,Washington,northern,,City Street,1,99.0,80.0,property_damage,0.0,0,0.0,0.0,0.0,ANGLE-TURNING,ANGLE-TURNING,36.7507198,-95.9639664,2021,2021-10-13,9.01,2,0,N,       ,N,N,0,Rain,Daylight,2.0,6,0,No Roadway Departure,0,N,0.0,D,2.0,31.0,M,Y,1.0,Apparently Normal,4.0,0,0,0,Failed to Yield,From Stop Sign,0,0,0,0,0,0,0,0,0,0,0,0,0,0,0,1,0,0,0,0,0,0,0,0,0,0,0,0,0,0,0,0,0,0,1,0,0