crash_id,county,region,highway_name,highway_class,intersection_rel,special_feature_1,special_feature_2,severity_level,visual_injured_num,fatal_num,suspected_serious_injured_num,non_incapacitated_injured_num,possibly_injured_num,crash_type,main_crash_type,latitude,longitude,year,date,time,number_of_vehicles,number_of_commercial_vehicles,work_zone,railroad_crossing,alcohol,drug,Alcohol or Drug,weather_condition,lighting_condition,road_condition,manner_of_collision,pedestrians_num,roadway_departure,cross_centerline,hit_and_run,emergency_vehicle_use,unit_type,vehicle_type,age,sex,driver_of_vehicle,injury_severity,person_condition,restraint_use,older_driver,teen_driver,Sleepy/Ill/Dizzy Driver,unsafe_unlaw_category,unsafe_unlaw_desc,Abnormal Traffic Control,Alcohol-DUI/DWI,Animal in Roadway,Apparently Sleepy,Avoiding Other Vehicle,Avoiding Pedestrian,Changed Lanes Unsafely,Deer in Roadway,Defect in Roadway,Disregarded Warning Signal,Domestic Animal in Roadway,Drug-DUI,Failed to Secure Load,Failed to Signal,Failed to Stop,Failed to Yield,Followed too Closely,Improper Backing,Improper Bicyclist Action,Improper Overtaking,Improper Parking,Improper Start From,Improper Turn,Improper Use of Lane,Distraction,Left of Center,No Improper Action by Driver,Object/Debris in Roadway,Other Improper Act/Movement,Pedestrian Action,Stopped in Traffic Lane,Speeding,Unsafe Vehicle,Wrong Way,Bad Weather,Bad Lighting,Bad Road Condition
300372669,Tulsa,tulsa,,City Street,1,0.0,0.0,possible_injury,0.0,0,0.0,0.0,2.0,RIGHT-ANGLE,RIGHT-ANGLE,36.1688904,-95.9117864,2018,2018-08-04,0.0,2,0,N,       ,N,N,0,Clear,Daylight,1.0,1.0,0,No Roadway Departure,0,N,0.0,D,4.0,26.0,M,Y,1.0,Apparently Normal,4.0,0,0,0,Failed to Yield,To Vehicle in Intersection,0,0,0,0,0,0,0,0,0,0,0,0,0,0,0,1,0,0,0,0,0,0,0,0,0,0,0,0,0,0,0,0,0,0,0,0,0
300372797,Tulsa,tulsa,,City Street,1,0.0,0.0,non_incapacitating_injury,4.0,0,0.0,4.0,0.0,ANGLE-TURNING,ANGLE-TURNING,36.1771404,-95.9498632,2018,2018-08-03,16.2,2,0,N,       ,N,N,0,Clear,Daylight,1.0,7.0,0,No Roadway Departure,0,N,0.0,D,2.0,47.0,F,Y,3.0,Apparently Normal,4.0,0,0,0,Failed to Yield,To Vehicle in Intersection,0,0,0,0,0,0,0,0,0,0,0,0,0,0,0,1,0,0,0,0,0,0,0,0,0,0,0,0,0,0,0,0,0,0,0,0,0
300372800,Tulsa,tulsa,,City Street,1,0.0,0.0,possible_injury,0.0,0,0.0,0.0,1.0,RIGHT-ANGLE,RIGHT-ANGLE,36.169413,-95.897905,2018,2018-08-03,10.27,2,0,N,       ,N,N,0,Clear,Daylight,1.0,1.0,0,No Roadway Departure,0,N,0.0,D,21.0,59.0,M,Y,1.0,Apparently Normal,4.0,0,0,0,Failed to Yield,From Stop Sign,0,0,0,0,0,0,0,0,0,0,0,0,0,0,0,1,0,0,0,0,0,0,0,0,0,0,0,0,0,0,0,0,0,0,0,0,0
300373276,Mayes,northern,US-69,US Route,1,0.0,0.0,non_incapacitating_injury,1.0,0,0.0,1.0,0.0,ANGLE-TURNING,ANGLE-TURNING,36.4528799,-95.2653655,2018,2018-08-09,7.27,2,1,N,       ,N,N,0,Fog/Smoke,Dawn,1.0,7.0,0,No Roadway Departure,0,N,0.0,D,8.0,28.0,M,Y,1.0,Apparently Normal,4.0,0,0,0,Failed to Yield,County Road at Through Highway,0,0,0,0,0,0,0,0,0,0,0,0,0,0,0,1,0,0,0,0,0,0,0,0,0,0,0,0,0,0,0,0,0,0,1,1,0
300373416,Sequoyah,southern,,County Road,1,0.0,0.0,incapacitating_injury,1.0,0,1.0,0.0,0.0,RIGHT-ANGLE,RIGHT-ANGLE,35.4633,-94.7612,2018,2018-08-08,11.56,2,0,N,       ,N,N,0,Clear,Daylight,1.0,1.0,0,Roadway Departure Right,0,N,0.0,D,4.0,53.0,F,Y,4.0,Apparently Normal,1.0,0,0,0,Failed to Yield,From Stop Sign,0,0,0,0,0,0,0,0,0,0,0,0,0,0,0,1,0,0,0,0,0,0,0,0,0,0,0,0,0,0,0,0,0,0,0,0,0
300373418,Tulsa,tulsa,,City Street,1,0.0,0.0,possible_injury,0.0,0,0.0,0.0,1.0,RIGHT-ANGLE,RIGHT-ANGLE,36.1771008,-95.9224605,2018,2018-08-09,6.3,2,0,N,       ,N,N,0,Clear,Daylight,1.0,1.0,0,Roadway Departure Right,0,N,0.0,D,2.0,29.0,M,Y,1.0,Apparently Normal,4.0,0,0,0,Failed to Yield,From Signal Light,0,0,0,0,0,0,0,0,0,0,0,0,0,0,0,1,0,0,0,0,0,0,0,0,0,0,0,0,0,0,0,0,0,0,0,0,0
300373420,Cherokee,southern,,County Road,1,0.0,0.0,fatal,0.0,1,0.0,0.0,0.0,ANGLE-TURNING,ANGLE-TURNING,35.8708,-94.9731,2018,2018-06-15,16.58,2,0,N,       ,N,N,0,Clear,Daylight,1.0,6.0,0,No Roadway Departure,0,N,0.0,D,2.0,16.0,M,Y,1.0,Apparently Normal,4.0,0,1,0,Failed to Yield,From Stop Sign,0,0,0,0,0,0,0,0,0,0,0,0,0,0,0,1,0,0,0,0,0,0,0,0,0,0,0,0,0,0,0,0,0,0,0,0,0
300373492,Tulsa,tulsa,,City Street,1,99.0,80.0,property_damage,0.0,0,0.0,0.0,0.0,REAR-END,REAR-END,36.1669459,-95.868757,2018,2018-08-11,17.16,2,0,N,       ,Y,N,1,Clear,Daylight,1.0,5.0,0,No Roadway Departure,0,N,0.0,D,2.0,50.0,M,Y,1.0,Apparently Normal,4.0,0,0,0,Failed to Yield,To Vehicle in Intersection,0,0,0,0,0,0,0,0,0,0,0,0,0,0,0,1,0,0,0,0,0,0,0,0,0,0,0,0,0,0,0,0,0,0,0,0,0
300373494,Tulsa,tulsa,,City Street,1,0.0,0.0,possible_injury,0.0,0,0.0,0.0,4.0,ANGLE-TURNING,ANGLE-TURNING,36.1769373,-95.9755261,2018,2018-08-11,13.15,2,0,N,       ,N,N,0,Clear,Daylight,1.0,7.0,0,No Roadway Departure,0,N,0.0,D,2.0,49.0,M,Y,1.0,Apparently Normal,4.0,0,0,0,Failed to Yield,From Signal Light,0,0,0,0,0,0,0,0,0,0,0,0,0,0,0,1,0,0,0,0,0,0,0,0,0,0,0,0,0,0,0,0,0,0,0,0,0
300373642,Tulsa,tulsa,,City Street,1,0.0,0.0,possible_injury,0.0,0,0.0,0.0,1.0,ANGLE-TURNING,ANGLE-TURNING,36.1769373,-95.9755261,2018,2018-08-13,9.57,2,0,N,       ,N,N,0,Cloudy,Daylight,1.0,7.0,0,No Roadway Departure,0,N,0.0,D,20.0,67.0,M,Y,1.0,Apparently Normal,4.0,1,0,0,Failed to Yield,To Vehicle in Intersection,0,0,0,0,0,0,0,0,0,0,0,0,0,0,0,1,0,0,0,0,0,0,0,0,0,0,0,0,0,0,0,0,0,0,0,0,0
300373650,Tulsa,tulsa,,City Street,1,0.0,0.0,non_incapacitating_injury,1.0,0,0.0,1.0,0.0,PEDAL-CYCLE,PEDAL-CYCLE,36.1771156,-95.962508,2018,2018-08-06,17.24,1,0,N,       ,N,N,0,Clear,Daylight,1.0,29.0,0,No Roadway Departure,0,Y,0.0,D,2.0,0.0,M,Y,1.0,Unknown,99.0,0,0,0,Failed to Yield,From Stop Sign,0,0,0,0,0,0,0,0,0,0,0,0,0,0,0,1,0,0,0,0,0,0,0,0,0,0,0,0,0,0,0,0,0,0,0,0,0
300373654,Craig,northern,,County Road,1,99.0,80.0,property_damage,0.0,0,0.0,0.0,0.0,ANGLE-TURNING,ANGLE-TURNING,36.8595,-95.0173,2018,2018-07-27,16.25,2,0,N,       ,N,N,0,Clear,Daylight,5.0,6.0,0,Roadway Departure Right,0,N,0.0,D,18.0,16.0,M,Y,1.0,Apparently Normal,1.0,0,1,0,Failed to Yield,To Vehicle on Right,0,0,0,0,0,0,0,0,0,0,0,0,0,0,0,1,0,0,0,0,0,0,0,0,0,0,0,0,0,0,0,0,0,0,0,0,1
300373657,Tulsa,tulsa,,City Street,1,99.0,80.0,property_damage,0.0,0,0.0,0.0,0.0,ANGLE-TURNING,ANGLE-TURNING,36.1823326,-95.9800294,2018,2018-08-13,14.34,2,0,N,       ,N,N,0,Cloudy,Daylight,1.0,6.0,0,No Roadway Departure,0,Y,0.0,D,2.0,0.0,9,Y,1.0,Unknown,99.0,0,0,0,Failed to Yield,From Stop Sign,0,0,0,0,0,0,0,0,0,0,0,0,0,0,0,1,0,0,0,0,0,0,0,0,0,0,0,0,0,0,0,0,0,0,0,0,0
300373658,Tulsa,tulsa,,City Street,1,0.0,0.0,non_incapacitating_injury,1.0,0,0.0,1.0,0.0,RIGHT-ANGLE,RIGHT-ANGLE,36.161732,-95.9492446,2018,2018-08-13,15.35,2,0,N,       ,N,N,0,Cloudy,Daylight,1.0,1.0,0,No Roadway Departure,0,N,0.0,D,2.0,65.0,F,Y,3.0,Apparently Normal,4.0,1,0,0,Failed to Yield,From Stop Sign,0,0,0,0,0,0,0,0,0,0,0,0,0,0,0,1,0,0,0,0,0,0,0,0,0,0,0,0,0,0,0,0,0,0,0,0,0
300373957,Delaware,northern,,County Road,0,80.0,99.0,property_damage,0.0,0,0.0,0.0,0.0,REAR-END,REAR-END,36.656,-94.831,2018,2018-08-14,11.35,2,1,N,       ,N,N,0,Cloudy,Daylight,1.0,4.0,0,Roadway Departure Right,0,N,0.0,D,13.0,48.0,M,Y,1.0,Apparently Normal,4.0,0,0,0,Failed to Yield,From Stop Sign,0,0,0,0,0,0,0,0,0,0,0,0,0,0,0,1,0,0,0,0,0,0,0,0,0,0,0,0,0,0,0,0,0,0,0,0,0
300373984,Tulsa,tulsa,,City Street,1,99.0,80.0,property_damage,0.0,0,0.0,0.0,0.0,ANGLE-TURNING,ANGLE-TURNING,36.1914652,-95.9946263,2018,2018-08-15,13.1,2,0,N,       ,N,N,0,Cloudy,Daylight,1.0,6.0,0,No Roadway Departure,0,N,0.0,D,2.0,86.0,M,Y,1.0,Apparently Normal,4.0,1,0,0,Failed to Yield,From Stop Sign,0,0,0,0,0,0,0,0,0,0,0,0,0,0,0,1,0,0,0,0,0,0,0,0,0,0,0,0,0,0,0,0,0,0,0,0,0
300374005,Tulsa,tulsa,,City Street,1,0.0,0.0,possible_injury,0.0,0,0.0,0.0,1.0,ANGLE-TURNING,ANGLE-TURNING,36.1626169,-95.9581593,2018,2018-08-14,17.24,2,0,N,       ,N,N,0,Rain,Daylight,2.0,7.0,0,No Roadway Departure,0,N,0.0,D,2.0,26.0,F,Y,2.0,Apparently Normal,4.0,0,0,0,Failed to Yield,Other,0,0,0,0,0,0,0,0,0,0,0,0,0,0,0,1,0,0,0,0,0,0,0,0,0,0,0,0,0,0,0,0,0,0,1,0,0
300374211,Delaware,northern,US-59,US Route,1,0.0,0.0,possible_injury,0.0,0,0.0,0.0,1.0,ANGLE-TURNING,ANGLE-TURNING,36.6564964,-94.8277367,2018,2018-07-27,10.05,2,1,N,       ,N,N,0,Clear,Daylight,1.0,12.0,0,No Roadway Departure,0,N,0.0,D,4.0,84.0,M,Y,1.0,Apparently Normal,4.0,1,0,0,Failed to Yield,From Stop Sign,0,0,0,0,0,0,0,0,0,0,0,0,0,0,0,1,0,0,0,0,0,0,0,0,0,0,0,0,0,0,0,0,0,0,0,0,0
300374217,Sequoyah,southern,US-64,US Route,0,0.0,0.0,property_damage,0.0,0,0.0,0.0,0.0,SIDESWIPE-SAME,SIDESWIPE-SAME,35.3959759,-94.4384733,2018,2018-08-14,14.32,2,0,N,       ,N,N,0,Rain,Daylight,2.0,16.0,0,Fixed Object,0,N,0.0,D,4.0,29.0,M,Y,1.0,Apparently Normal,4.0,0,0,0,Failed to Yield,From Stop Sign,0,0,0,0,0,0,0,0,0,0,0,0,0,0,0,1,0,0,0,0,0,0,0,0,0,0,0,0,0,0,0,0,0,0,1,0,0
300374221,Adair,southern,SH-100,State Highway,1,0.0,0.0,property_damage,0.0,0,0.0,0.0,0.0,ANGLE-TURNING,ANGLE-TURNING,35.7943196,-94.5606008,2018,2018-08-15,18.1,2,1,N,       ,Y,N,1,Cloudy,Daylight,1.0,12.0,0,No Roadway Departure,0,N,0.0,D,2.0,19.0,F,Y,1.0,Apparently Normal,4.0,0,1,0,Failed to Yield,From Stop Sign,0,0,0,0,0,0,0,0,0,0,0,0,0,0,0,1,0,0,0,0,0,0,0,0,0,0,0,0,0,0,0,0,0,0,0,0,0
300374240,Craig,northern,,County Road,1,0.0,0.0,possible_injury,0.0,0,0.0,0.0,1.0,RIGHT-ANGLE,RIGHT-ANGLE,36.5249,-95.1668,2018,2018-08-09,17.41,2,0,N,       ,N,N,0,Clear,Daylight,1.0,1.0,0,Roadway Departure Left,0,N,0.0,D,2.0,19.0,M,Y,1.0,Apparently Normal,4.0,0,1,0,Failed to Yield,From Stop Sign,0,0,0,0,0,0,0,0,0,0,0,0,0,0,0,1,0,0,0,0,0,0,0,0,0,0,0,0,0,0,0,0,0,0,0,0,0
300374266,Tulsa,tulsa,,City Street,7,1.0,0.0,non_incapacitating_injury,1.0,0,0.0,1.0,0.0,ANGLE-TURNING,ANGLE-TURNING,36.17683619,-95.9403277,2018,2018-08-17,14.35,2,0,N,       ,N,N,0,Clear,Daylight,1.0,6.0,0,No Roadway Departure,0,N,0.0,D,4.0,27.0,M,Y,1.0,Apparently Normal,4.0,0,0,0,Failed to Yield,Private Drive,0,0,0,0,0,0,0,0,0,0,0,0,0,0,0,1,0,0,0,0,0,0,0,0,0,0,0,0,0,0,0,0,0,0,0,0,0
300374344,Tulsa,tulsa,,City Street,1,0.0,0.0,possible_injury,0.0,0,0.0,0.0,1.0,ANGLE-TURNING,ANGLE-TURNING,36.2204789,-95.9810891,2018,2018-06-12,18.1,2,0,N,       ,N,N,0,Clear,Dusk,1.0,12.0,0,No Roadway Departure,0,N,0.0,D,4.0,52.0,M,Y,1.0,Apparently Normal,4.0,0,0,0,Failed to Yield,From Stop Sign,0,0,0,0,0,0,0,0,0,0,0,0,0,0,0,1,0,0,0,0,0,0,0,0,0,0,0,0,0,0,0,0,0,0,0,1,0
300374462,Tulsa,northern,,City Street,1,80.0,99.0,property_damage,0.0,0,0.0,0.0,0.0,ANGLE-TURNING,ANGLE-TURNING,36.1771031,-95.9274389,2018,2018-08-14,14.45,2,0,N,       ,N,N,0,Clear,Daylight,1.0,7.0,0,No Roadway Departure,0,N,0.0,D,20.0,22.0,F,Y,1.0,Apparently Normal,4.0,0,0,0,Failed to Yield,From Stop Sign,0,0,0,0,0,0,0,0,0,0,0,0,0,0,0,1,0,0,0,0,0,0,0,0,0,0,0,0,0,0,0,0,0,0,0,0,0
300374504,Muskogee,southern,SH-2,State Highway,1,0.0,0.0,non_incapacitating_injury,2.0,0,0.0,2.0,0.0,ANGLE-TURNING,ANGLE-TURNING,35.4664583,-95.2949801,2018,2018-08-15,15.47,2,0,N,       ,N,N,0,Cloudy,Daylight,1.0,6.0,0,No Roadway Departure,0,N,0.0,D,1.0,48.0,M,Y,1.0,Apparently Normal,4.0,0,0,0,Failed to Yield,From Stop Sign,0,0,0,0,0,0,0,0,0,0,0,0,0,0,0,1,0,0,0,0,0,0,0,0,0,0,0,0,0,0,0,0,0,0,0,0,0
300374693,Tulsa,tulsa,,City Street,1,0.0,0.0,possible_injury,0.0,0,0.0,0.0,1.0,RIGHT-ANGLE,RIGHT-ANGLE,36.1722089,-95.8749359,2018,2018-08-18,16.32,2,0,N,       ,N,N,0,Clear,Daylight,1.0,1.0,0,No Roadway Departure,0,N,0.0,D,20.0,26.0,M,Y,1.0,Apparently Normal,4.0,0,0,0,Failed to Yield,From Stop Sign,0,0,0,0,0,0,0,0,0,0,0,0,0,0,0,1,0,0,0,0,0,0,0,0,0,0,0,0,0,0,0,0,0,0,0,0,0
300374737,Tulsa,tulsa,US-75,US Route,1,21.0,0.0,non_incapacitating_injury,2.0,0,0.0,2.0,0.0,ANGLE-TURNING,ANGLE-TURNING,36.1767205,-95.9731843,2018,2018-08-20,12.03,2,0,N,       ,N,N,0,Cloudy,Daylight,1.0,6.0,0,No Roadway Departure,0,N,0.0,D,2.0,17.0,F,Y,3.0,Apparently Normal,4.0,0,1,0,Failed to Yield,From Stop Sign,0,0,0,0,0,0,0,0,0,0,0,0,0,0,0,1,0,0,0,0,0,0,0,0,0,0,0,0,0,0,0,0,0,0,0,0,0
300374772,Tulsa,tulsa,,City Street,1,80.0,99.0,property_damage,0.0,0,0.0,0.0,0.0,ANGLE-TURNING,ANGLE-TURNING,36.2059206,-95.9935058,2018,2018-08-21,19.2,2,0,N,       ,N,N,0,Clear,Dark / Lighted,1.0,7.0,0,No Roadway Departure,0,Y,0.0,D,20.0,0.0,M,Y,1.0,Unknown,99.0,0,0,0,Failed to Yield,From Signal Light,0,0,0,0,0,0,0,0,0,0,0,0,0,0,0,1,0,0,0,0,0,0,0,0,0,0,0,0,0,0,0,0,0,0,0,0,0
300374889,Tulsa,tulsa,,City Street,1,0.0,0.0,non_incapacitating_injury,1.0,0,0.0,1.0,0.0,RIGHT-ANGLE,RIGHT-ANGLE,36.1652609,-95.9979866,2018,2018-08-22,7.56,2,0,N,       ,N,N,0,Rain,Daylight,2.0,1.0,0,Roadway Departure Right,0,N,0.0,D,2.0,17.0,M,Y,1.0,Apparently Normal,4.0,0,1,0,Failed to Yield,From Stop Sign,0,0,0,0,0,0,0,0,0,0,0,0,0,0,0,1,0,0,0,0,0,0,0,0,0,0,0,0,0,0,0,0,0,0,1,0,0
300375245,Washington,northern,US-60,US Route,1,0.0,0.0,property_damage,0.0,0,0.0,0.0,0.0,ANGLE-TURNING,ANGLE-TURNING,36.727933,-95.8451352,2018,2018-08-13,16.24,2,0,N,       ,N,N,0,Rain,Daylight,2.0,7.0,0,Roadway Departure Right,0,N,0.0,D,2.0,74.0,F,Y,1.0,Apparently Normal,4.0,1,0,0,Failed to Yield,Other,0,0,0,0,0,0,0,0,0,0,0,0,0,0,0,1,0,0,0,0,0,0,0,0,0,0,0,0,0,0,0,0,0,0,1,0,0
300375493,Craig,northern,SH-82,State Highway,0,1.0,0.0,non_incapacitating_injury,1.0,0,0.0,1.0,0.0,ANGLE-TURNING,ANGLE-TURNING,36.6156686,-95.0624672,2018,2018-08-24,22.15,2,0,N,       ,N,N,0,Clear,Dark / Unlighted,1.0,12.0,0,Roadway Departure Right,0,N,0.0,D,4.0,24.0,M,Y,1.0,Apparently Normal,4.0,0,0,0,Failed to Yield,Private Drive,0,0,0,0,0,0,0,0,0,0,0,0,0,0,0,1,0,0,0,0,0,0,0,0,0,0,0,0,0,0,0,0,0,0,0,1,0
300375576,Rogers,northern,SH-66,State Highway,1,0.0,0.0,fatal,2.0,1,0.0,2.0,0.0,RIGHT-ANGLE,RIGHT-ANGLE,36.4384172,-95.5171329,2018,2018-07-22,15.49,2,0,N,       ,N,N,0,Cloudy,Daylight,1.0,1.0,0,Roadway Departure Left,0,N,0.0,D,4.0,91.0,M,Y,5.0,Apparently Normal,4.0,1,0,0,Failed to Yield,From Stop Sign,0,0,0,0,0,0,0,0,0,0,0,0,0,0,0,1,0,0,0,0,0,0,0,0,0,0,0,0,0,0,0,0,0,0,0,0,0
300375585,Rogers,northern,SH-66,State Highway,1,0.0,0.0,property_damage,0.0,0,0.0,0.0,0.0,RIGHT-ANGLE,RIGHT-ANGLE,36.4229038,-95.5321951,2018,2018-07-28,10.48,2,0,N,       ,N,N,0,Cloudy,Daylight,1.0,1.0,0,Roadway Departure Right,0,N,0.0,D,2.0,63.0,F,Y,1.0,Apparently Normal,4.0,0,0,0,Failed to Yield,From Yield Sign,0,0,0,0,0,0,0,0,0,0,0,0,0,0,0,1,0,0,0,0,0,0,0,0,0,0,0,0,0,0,0,0,0,0,0,0,0
300375590,Rogers,northern,US-412,US Route,1,0.0,0.0,non_incapacitating_injury,1.0,0,0.0,1.0,2.0,RIGHT-ANGLE,RIGHT-ANGLE,36.1667934,-95.6006724,2018,2018-08-05,12.32,3,0,N,       ,N,N,0,Clear,Daylight,1.0,1.0,0,Roadway Departure Right,0,N,0.0,D,20.0,58.0,M,Y,3.0,Apparently Normal,4.0,0,0,0,Failed to Yield,From Yield Sign,0,0,0,0,0,0,0,0,0,0,0,0,0,0,0,1,0,0,0,0,0,0,0,0,0,0,0,0,0,0,0,0,0,0,0,0,0
300375593,Rogers,northern,SH-20,State Highway,1,0.0,0.0,non_incapacitating_injury,1.0,0,0.0,1.0,0.0,RIGHT-ANGLE,RIGHT-ANGLE,36.307253,-95.4720693,2018,2018-08-13,16.39,2,0,N,       ,N,N,0,Cloudy,Daylight,1.0,1.0,0,Roadway Departure Right,0,N,0.0,D,21.0,60.0,F,Y,1.0,Apparently Normal,4.0,0,0,0,Failed to Yield,From Yield Sign,0,0,0,0,0,0,0,0,0,0,0,0,0,0,0,1,0,0,0,0,0,0,0,0,0,0,0,0,0,0,0,0,0,0,0,0,0
300375595,Rogers,northern,SH-88,State Highway,1,0.0,0.0,property_damage,0.0,0,0.0,0.0,0.0,RIGHT-ANGLE,RIGHT-ANGLE,36.256745,-95.5615474,2018,2018-08-11,11.44,2,0,N,       ,N,N,0,Clear,Daylight,1.0,1.0,0,No Roadway Departure,0,N,0.0,D,20.0,26.0,F,Y,1.0,Apparently Normal,4.0,0,0,0,Failed to Yield,From Stop Sign,0,0,0,0,0,0,0,0,0,0,0,0,0,0,0,1,0,0,0,0,0,0,0,0,0,0,0,0,0,0,0,0,0,0,0,0,0
300375605,Rogers,northern,SH-66,State Highway,1,0.0,0.0,property_damage,0.0,0,0.0,0.0,0.0,RIGHT-ANGLE,RIGHT-ANGLE,36.4229038,-95.5321951,2018,2018-08-24,19.2,2,0,N,       ,N,N,0,Clear,Dusk,1.0,1.0,0,Roadway Departure Right,0,N,0.0,D,1.0,20.0,M,Y,1.0,Apparently Normal,4.0,0,0,0,Failed to Yield,From Stop Sign,0,0,0,0,0,0,0,0,0,0,0,0,0,0,0,1,0,0,0,0,0,0,0,0,0,0,0,0,0,0,0,0,0,0,0,1,0
300375674,Tulsa,tulsa,,City Street,1,0.0,0.0,possible_injury,0.0,0,0.0,0.0,3.0,ANGLE-TURNING,ANGLE-TURNING,36.168411,-95.9045628,2018,2018-08-25,15.12,2,0,N,       ,N,N,0,Clear,Daylight,1.0,7.0,0,No Roadway Departure,0,N,0.0,D,20.0,36.0,M,Y,1.0,Apparently Normal,99.0,0,0,0,Failed to Yield,To Vehicle in Intersection,0,0,0,0,0,0,0,0,0,0,0,0,0,0,0,1,0,0,0,0,0,0,0,0,0,0,0,0,0,0,0,0,0,0,0,0,0
300375678,Tulsa,tulsa,,City Street,1,0.0,0.0,non_incapacitating_injury,1.0,0,0.0,1.0,0.0,OTHER,OTHER,36.228159,-95.9890166,2018,2018-08-26,18.18,2,0,N,       ,N,N,0,Clear,Daylight,1.0,23.0,0,Fixed Object,0,Y,0.0,D,2.0,17.0,F,Y,0.0,Apparently Normal,4.0,0,1,0,Failed to Yield,From Stop Sign,0,0,0,0,0,0,0,0,0,0,0,0,0,0,0,1,0,0,0,0,0,0,0,0,0,0,0,0,0,0,0,0,0,0,0,0,0
300375703,Tulsa,tulsa,,City Street,1,99.0,80.0,property_damage,0.0,0,0.0,0.0,0.0,RIGHT-ANGLE,RIGHT-ANGLE,36.16256,-95.9045676,2018,2018-08-27,14.23,2,0,N,       ,N,N,0,Clear,Daylight,1.0,1.0,0,No Roadway Departure,0,Y,0.0,D,2.0,0.0,9,Y,1.0,Unknown,99.0,0,0,0,Failed to Yield,From Stop Sign,0,0,0,0,0,0,0,0,0,0,0,0,0,0,0,1,0,0,0,0,0,0,0,0,0,0,0,0,0,0,0,0,0,0,0,0,0
300375842,Craig,northern,,County Road,1,80.0,99.0,property_damage,0.0,0,0.0,0.0,0.0,RIGHT-ANGLE,RIGHT-ANGLE,36.6844,-95.3236,2018,2018-08-26,6.43,2,0,N,       ,N,N,0,Clear,Dawn,1.0,1.0,0,No Roadway Departure,0,N,0.0,D,23.0,44.0,M,Y,1.0,Apparently Normal,4.0,0,0,0,Failed to Yield,To Vehicle on Right,0,0,0,0,0,0,0,0,0,0,0,0,0,0,0,1,0,0,0,0,0,0,0,0,0,0,0,0,0,0,0,0,0,0,0,1,0
300376121,Tulsa,tulsa,,City Street,1,0.0,0.0,possible_injury,0.0,0,0.0,0.0,1.0,ANGLE-TURNING,ANGLE-TURNING,36.1838865,-95.9403179,2018,2018-07-20,16.52,2,0,N,       ,N,N,0,Clear,Daylight,1.0,12.0,0,Roadway Departure Left,0,Y,0.0,D,4.0,0.0,9,Y,0.0,Unknown,99.0,0,0,0,Failed to Yield,From Stop Sign,0,0,0,0,0,0,0,0,0,0,0,0,0,0,0,1,0,0,0,0,0,0,0,0,0,0,0,0,0,0,0,0,0,0,0,0,0
300376124,Rogers,northern,SH-20,State Highway,1,0.0,0.0,property_damage,0.0,0,0.0,0.0,0.0,ANGLE-TURNING,ANGLE-TURNING,36.3218976,-95.794289,2018,2018-08-28,10.09,2,0,N,       ,N,N,0,Clear,Daylight,1.0,6.0,0,No Roadway Departure,0,N,0.0,D,20.0,73.0,F,Y,1.0,Apparently Normal,4.0,1,0,0,Failed to Yield,From Stop Sign,0,0,0,0,0,0,0,0,0,0,0,0,0,0,0,1,0,0,0,0,0,0,0,0,0,0,0,0,0,0,0,0,0,0,0,0,0
300376226,Tulsa,tulsa,,City Street,1,99.0,80.0,property_damage,0.0,0,0.0,0.0,0.0,ANGLE-TURNING,ANGLE-TURNING,36.1915932,-95.9045818,2018,2018-08-30,9.0,2,0,N,       ,N,N,0,Clear,Daylight,1.0,7.0,0,No Roadway Departure,0,N,0.0,D,2.0,20.0,F,Y,1.0,Apparently Normal,4.0,0,0,0,Failed to Yield,From Signal Light,0,0,0,0,0,0,0,0,0,0,0,0,0,0,0,1,0,0,0,0,0,0,0,0,0,0,0,0,0,0,0,0,0,0,0,0,0
300376352,Rogers,northern,SH-20,State Highway,1,0.0,0.0,property_damage,0.0,0,0.0,0.0,0.0,ANGLE-TURNING,ANGLE-TURNING,36.3218976,-95.794289,2018,2018-08-30,17.58,2,0,N,       ,N,N,0,Clear,Daylight,1.0,12.0,0,No Roadway Departure,0,Y,0.0,D,4.0,17.0,M,Y,1.0,Apparently Normal,4.0,0,1,0,Failed to Yield,From Stop Sign,0,0,0,0,0,0,0,0,0,0,0,0,0,0,0,1,0,0,0,0,0,0,0,0,0,0,0,0,0,0,0,0,0,0,0,0,0
300376404,Tulsa,tulsa,SH-11,State Highway,1,21.0,0.0,property_damage,0.0,0,0.0,0.0,0.0,ANGLE-TURNING,ANGLE-TURNING,36.1877434,-95.9022858,2018,2018-08-31,5.16,2,0,N,       ,N,N,0,Clear,Dark / Lighted,1.0,7.0,0,No Roadway Departure,0,N,0.0,D,2.0,31.0,M,Y,1.0,Apparently Normal,4.0,0,0,0,Failed to Yield,From Stop Sign,0,0,0,0,0,0,0,0,0,0,0,0,0,0,0,1,0,0,0,0,0,0,0,0,0,0,0,0,0,0,0,0,0,0,0,0,0
300376514,Tulsa,tulsa,,City Street,1,0.0,0.0,possible_injury,0.0,0,0.0,0.0,1.0,RIGHT-ANGLE,RIGHT-ANGLE,36.1626169,-95.9581593,2018,2018-09-01,0.57,2,0,N,       ,N,N,0,Clear,Dark / Lighted,1.0,1.0,0,No Roadway Departure,0,Y,0.0,D,4.0,0.0,9,Y,1.0,Unknown,99.0,0,0,0,Failed to Yield,From Stop Sign,0,0,0,0,0,0,0,0,0,0,0,0,0,0,0,1,0,0,0,0,0,0,0,0,0,0,0,0,0,0,0,0,0,0,0,0,0