crash_id,county,region,highway_name,highway_class,intersection_rel,special_feature_1,special_feature_2,severity_level,visual_injured_num,fatal_num,suspected_serious_injured_num,non_incapacitated_injured_num,possibly_injured_num,crash_type,main_crash_type,latitude,longitude,year,date,time,number_of_vehicles,number_of_commercial_vehicles,work_zone,railroad_crossing,alcohol,drug,Alcohol or Drug,weather_condition,lighting_condition,road_condition,manner_of_collision,pedestrians_num,roadway_departure,cross_centerline,hit_and_run,emergency_vehicle_use,unit_type,vehicle_type,age,sex,driver_of_vehicle,injury_severity,person_condition,restraint_use,older_driver,teen_driver,Sleepy/Ill/Dizzy Driver,unsafe_unlaw_category,unsafe_unlaw_desc,Abnormal Traffic Control,Alcohol-DUI/DWI,Animal in Roadway,Apparently Sleepy,Avoiding Other Vehicle,Avoiding Pedestrian,Changed Lanes Unsafely,Deer in Roadway,Defect in Roadway,Disregarded Warning Signal,Domestic Animal in Roadway,Drug-DUI,Failed to Secure Load,Failed to Signal,Failed to Stop,Failed to Yield,Followed too Closely,Improper Backing,Improper Bicyclist Action,Improper Overtaking,Improper Parking,Improper Start From,Improper Turn,Improper Use of Lane,Distraction,Left of Center,No Improper Action by Driver,Object/Debris in Roadway,Other Improper Act/Movement,Pedestrian Action,Stopped in Traffic Lane,Speeding,Unsafe Vehicle,Wrong Way,Bad Weather,Bad Lighting,Bad Road Condition
300398929,Tulsa,tulsa,,City Street,7,99.0,80.0,property_damage,0.0,0,0.0,0.0,0.0,HEAD-ON,HEAD-ON,36.16948219,-95.8511354,2019,2019-01-29,13.36,2,1,N,       ,N,N,0,Clear,Daylight,1.0,18.0,0,No Roadway Departure,0,N,0.0,D,10.0,27.0,M,Y,1.0,Apparently Normal,4.0,0,0,0,Failed to Yield,From Stop Sign,0,0,0,0,0,0,0,0,0,0,0,0,0,0,0,1,0,0,0,0,0,0,0,0,0,0,0,0,0,0,0,0,0,0,0,0,0
300399175,Craig,northern,US-60,US Route,1,0.0,0.0,possible_injury,0.0,0,0.0,0.0,2.0,RIGHT-ANGLE,RIGHT-ANGLE,36.6420654,-95.2703122,2019,2019-01-31,7.44,2,0,N,       ,N,N,0,Clear,Daylight,1.0,1.0,0,Roadway Departure Right,0,N,0.0,D,20.0,60.0,M,Y,2.0,Apparently Normal,4.0,0,0,0,Failed to Yield,From Stop Sign,0,0,0,0,0,0,0,0,0,0,0,0,0,0,0,1,0,0,0,0,0,0,0,0,0,0,0,0,0,0,0,0,0,0,0,0,0
300399200,Tulsa,tulsa,,City Street,1,0.0,0.0,non_incapacitating_injury,1.0,0,0.0,1.0,0.0,RIGHT-ANGLE,RIGHT-ANGLE,36.16256,-95.9045676,2019,2019-01-31,18.28,2,0,N,       ,N,N,0,Clear,Dark / Lighted,1.0,1.0,0,No Roadway Departure,0,N,0.0,D,2.0,32.0,F,Y,1.0,Apparently Normal,4.0,0,0,0,Failed to Yield,From Stop Sign,0,0,0,0,0,0,0,0,0,0,0,0,0,0,0,1,0,0,0,0,0,0,0,0,0,0,0,0,0,0,0,0,0,0,0,0,0
300399460,Tulsa,tulsa,,City Street,7,99.0,80.0,property_damage,0.0,0,0.0,0.0,0.0,ANGLE-TURNING,ANGLE-TURNING,36.16948219,-95.8511354,2019,2019-02-04,16.0,2,0,N,       ,N,N,0,Clear,Daylight,1.0,6.0,0,No Roadway Departure,0,N,0.0,D,2.0,29.0,F,Y,1.0,Apparently Normal,4.0,0,0,0,Failed to Yield,From Stop Sign,0,0,0,0,0,0,0,0,0,0,0,0,0,0,0,1,0,0,0,0,0,0,0,0,0,0,0,0,0,0,0,0,0,0,0,0,0
300399505,Ottawa,northern,US-59,US Route,1,0.0,0.0,non_incapacitating_injury,1.0,0,0.0,1.0,1.0,RIGHT-ANGLE,RIGHT-ANGLE,36.6794972,-94.8554399,2019,2019-01-25,8.03,2,0,N,       ,N,N,0,Clear,Daylight,1.0,1.0,0,Roadway Departure Right,0,N,0.0,D,20.0,17.0,M,Y,2.0,Apparently Normal,4.0,0,1,0,Failed to Yield,From Signal Light,0,0,0,0,0,0,0,0,0,0,0,0,0,0,0,1,0,0,0,0,0,0,0,0,0,0,0,0,0,0,0,0,0,0,0,0,0
300399947,Ottawa,northern,SH-125,State Highway,0,1.0,0.0,property_damage,0.0,0,0.0,0.0,0.0,RIGHT-ANGLE,RIGHT-ANGLE,36.7957132,-94.8554144,2019,2019-02-06,20.09,2,0,N,       ,N,N,0,Rain,Dark / Unlighted,2.0,1.0,0,No Roadway Departure,0,N,0.0,D,2.0,31.0,F,Y,1.0,Apparently Normal,4.0,0,0,0,Failed to Yield,Private Drive,0,0,0,0,0,0,0,0,0,0,0,0,0,0,0,1,0,0,0,0,0,0,0,0,0,0,0,0,0,0,0,0,0,0,1,1,0
300400017,Tulsa,tulsa,,City Street,1,0.0,0.0,possible_injury,0.0,0,0.0,0.0,2.0,ANGLE-TURNING,ANGLE-TURNING,36.1771285,-95.9521082,2019,2019-02-05,14.58,2,0,N,       ,N,N,0,Rain,Daylight,2.0,6.0,0,No Roadway Departure,0,N,0.0,D,4.0,24.0,M,Y,1.0,Apparently Normal,4.0,0,0,0,Failed to Yield,From Stop Sign,0,0,0,0,0,0,0,0,0,0,0,0,0,0,0,1,0,0,0,0,0,0,0,0,0,0,0,0,0,0,0,0,0,0,1,0,0
300400131,Tulsa,tulsa,,City Street,1,0.0,0.0,possible_injury,0.0,0,0.0,0.0,2.0,ANGLE-TURNING,ANGLE-TURNING,36.22421657,-95.99349931,2019,2019-02-05,17.37,2,0,N,       ,N,N,0,Rain,Dusk,2.0,7.0,0,No Roadway Departure,0,N,0.0,D,2.0,79.0,F,Y,2.0,Apparently Normal,4.0,1,0,0,Failed to Yield,To Vehicle in Intersection,0,0,0,0,0,0,0,0,0,0,0,0,0,0,0,1,0,0,0,0,0,0,0,0,0,0,0,0,0,0,0,0,0,0,1,1,0
300400226,Delaware,northern,US-59,US Route,1,0.0,0.0,property_damage,0.0,0,0.0,0.0,0.0,RIGHT-ANGLE,RIGHT-ANGLE,36.6564964,-94.8277367,2019,2019-02-08,7.15,2,0,N,       ,N,N,0,Clear,Daylight,1.0,1.0,0,Roadway Departure Left,0,N,0.0,D,20.0,71.0,M,Y,1.0,Apparently Normal,4.0,1,0,0,Failed to Yield,From Stop Sign,0,0,0,0,0,0,0,0,0,0,0,0,0,0,0,1,0,0,0,0,0,0,0,0,0,0,0,0,0,0,0,0,0,0,0,0,0
300400343,Rogers,northern,SH-66,State Highway,1,0.0,0.0,property_damage,0.0,0,0.0,0.0,0.0,RIGHT-ANGLE,RIGHT-ANGLE,36.4229038,-95.5321951,2019,2019-01-17,7.26,2,0,N,       ,N,N,0,Cloudy,Daylight,2.0,1.0,0,Roadway Departure Right,0,N,0.0,D,20.0,38.0,M,Y,1.0,Apparently Normal,4.0,0,0,0,Failed to Yield,From Yield Sign,0,0,0,0,0,0,0,0,0,0,0,0,0,0,0,1,0,0,0,0,0,0,0,0,0,0,0,0,0,0,0,0,0,0,0,0,0
300400481,Rogers,northern,US-412,US Route,1,0.0,0.0,property_damage,0.0,0,0.0,0.0,0.0,RIGHT-ANGLE,RIGHT-ANGLE,36.1644248,-95.6812411,2019,2019-01-28,6.24,2,0,N,       ,N,N,0,Cloudy,Dark / Unlighted,1.0,1.0,0,Roadway Departure Right,0,N,0.0,D,1.0,24.0,F,Y,1.0,Apparently Normal,4.0,0,0,0,Failed to Yield,From Stop Sign,0,0,0,0,0,0,0,0,0,0,0,0,0,0,0,1,0,0,0,0,0,0,0,0,0,0,0,0,0,0,0,0,0,0,0,1,0
300400484,Rogers,northern,SH-66,State Highway,1,0.0,0.0,non_incapacitating_injury,1.0,0,0.0,1.0,0.0,RIGHT-ANGLE,RIGHT-ANGLE,36.4384172,-95.5171329,2019,2019-01-18,20.08,2,0,N,       ,N,N,0,Rain,Dark / Unlighted,2.0,1.0,0,Roadway Departure Right,0,N,0.0,D,20.0,56.0,M,Y,1.0,Apparently Normal,4.0,0,0,0,Failed to Yield,From Stop Sign,0,0,0,0,0,0,0,0,0,0,0,0,0,0,0,1,0,0,0,0,0,0,0,0,0,0,0,0,0,0,0,0,0,0,1,1,0
300400494,Sequoyah,southern,I-40,Interstate,0,31.0,5.0,property_damage,0.0,0,0.0,0.0,0.0,SIDESWIPE-SAME,SIDESWIPE-SAME,35.4499671,-94.7628315,2019,2019-01-28,9.17,2,0,Y,       ,N,N,0,Cloudy,Daylight,1.0,38.0,0,No Roadway Departure,0,N,0.0,D,4.0,33.0,M,Y,1.0,Apparently Normal,4.0,0,0,0,Failed to Yield,Other,0,0,0,0,0,0,0,0,0,0,0,0,0,0,0,1,0,0,0,0,0,0,0,0,0,0,0,0,0,0,0,0,0,0,0,0,0
300400670,Rogers,northern,SH-20,State Highway,1,0.0,0.0,non_incapacitating_injury,2.0,0,0.0,2.0,0.0,RIGHT-ANGLE,RIGHT-ANGLE,36.3218976,-95.794289,2019,2019-02-06,6.3,2,0,N,       ,N,N,0,Rain,Dark / Unlighted,2.0,1.0,0,No Roadway Departure,0,N,0.0,D,4.0,61.0,M,Y,3.0,Apparently Normal,4.0,0,0,0,Failed to Yield,From Stop Sign,0,0,0,0,0,0,0,0,0,0,0,0,0,0,0,1,0,0,0,0,0,0,0,0,0,0,0,0,0,0,0,0,0,0,1,1,0
300400680,Rogers,northern,US-169,US Route,1,0.0,0.0,non_incapacitating_injury,4.0,0,0.0,4.0,0.0,RIGHT-ANGLE,RIGHT-ANGLE,36.3957429,-95.7943262,2019,2019-02-09,22.19,2,0,N,       ,N,N,0,Cloudy,Dark / Unlighted,1.0,1.0,0,Roadway Departure Right,0,N,0.0,D,20.0,71.0,M,Y,3.0,Apparently Normal,4.0,1,0,0,Failed to Yield,From Stop Sign,0,0,0,0,0,0,0,0,0,0,0,0,0,0,0,1,0,0,0,0,0,0,0,0,0,0,0,0,0,0,0,0,0,0,0,1,0
300400689,Rogers,northern,SH-66,State Highway,1,0.0,0.0,property_damage,0.0,0,0.0,0.0,0.0,RIGHT-ANGLE,RIGHT-ANGLE,36.4229038,-95.5321951,2019,2019-02-12,16.5,2,0,N,       ,N,N,0,Clear,Daylight,1.0,1.0,0,Roadway Departure Right,0,N,0.0,D,2.0,34.0,F,Y,1.0,Apparently Normal,4.0,0,0,0,Failed to Yield,From Yield Sign,0,0,0,0,0,0,0,0,0,0,0,0,0,0,0,1,0,0,0,0,0,0,0,0,0,0,0,0,0,0,0,0,0,0,0,0,0
300400693,Tulsa,tulsa,,City Street,1,0.0,0.0,possible_injury,0.0,0,0.0,0.0,1.0,RIGHT-ANGLE,RIGHT-ANGLE,36.1730086,-95.8978805,2019,2019-02-11,18.09,2,0,N,       ,N,N,0,Rain,Dark / Lighted,2.0,1.0,0,No Roadway Departure,0,N,0.0,D,20.0,39.0,F,Y,1.0,Apparently Normal,4.0,0,0,0,Failed to Yield,From Stop Sign,0,0,0,0,0,0,0,0,0,0,0,0,0,0,0,1,0,0,0,0,0,0,0,0,0,0,0,0,0,0,0,0,0,0,1,0,0
300400710,Tulsa,tulsa,,City Street,1,0.0,5.0,non_incapacitating_injury,1.0,0,0.0,1.0,0.0,ANGLE-TURNING,ANGLE-TURNING,36.1719783,-95.9670861,2019,2019-02-13,12.0,2,0,Y,       ,N,N,0,Clear,Daylight,1.0,7.0,0,Fixed Object,0,N,0.0,D,4.0,39.0,M,Y,1.0,Apparently Normal,4.0,0,0,0,Failed to Yield,To Vehicle in Intersection,0,0,0,0,0,0,0,0,0,0,0,0,0,0,0,1,0,0,0,0,0,0,0,0,0,0,0,0,0,0,0,0,0,0,0,0,0
300400711,Tulsa,tulsa,US-169,US Route,1,0.0,0.0,non_incapacitating_injury,1.0,0,0.0,1.0,0.0,RIGHT-ANGLE,RIGHT-ANGLE,36.1765705,-95.8564684,2019,2019-02-07,11.0,2,0,N,       ,N,N,0,Cloudy,Daylight,1.0,1.0,0,No Roadway Departure,0,N,0.0,D,1.0,34.0,M,Y,1.0,Apparently Normal,4.0,0,0,0,Failed to Yield,From Signal Light,0,0,0,0,0,0,0,0,0,0,0,0,0,0,0,1,0,0,0,0,0,0,0,0,0,0,0,0,0,0,0,0,0,0,0,0,0
300400717,McIntosh,southern,US-266,US Route,0,1.0,0.0,possible_injury,0.0,0,0.0,0.0,1.0,ANGLE-TURNING,ANGLE-TURNING,35.464302,-95.4237973,2019,2019-02-11,16.0,2,0,N,       ,N,N,0,Rain,Daylight,2.0,6.0,0,No Roadway Departure,0,N,0.0,D,4.0,78.0,M,Y,1.0,Apparently Normal,4.0,1,0,0,Failed to Yield,Private Drive,0,0,0,0,0,0,0,0,0,0,0,0,0,0,0,1,0,0,0,0,0,0,0,0,0,0,0,0,0,0,0,0,0,0,1,0,0
300400788,Tulsa,tulsa,,City Street,8,80.0,99.0,property_damage,0.0,0,0.0,0.0,0.0,ANGLE-TURNING,ANGLE-TURNING,36.1770492,-95.85147743,2019,2019-02-13,13.05,2,0,N,       ,N,N,0,Cloudy,Daylight,1.0,8.0,0,No Roadway Departure,0,N,0.0,D,4.0,64.0,M,Y,1.0,Apparently Normal,4.0,0,0,0,Failed to Yield,Private Drive,0,0,0,0,0,0,0,0,0,0,0,0,0,0,0,1,0,0,0,0,0,0,0,0,0,0,0,0,0,0,0,0,0,0,0,0,0
300400817,Tulsa,tulsa,,City Street,1,0.0,0.0,non_incapacitating_injury,1.0,0,0.0,1.0,1.0,RIGHT-ANGLE,RIGHT-ANGLE,36.2313523,-95.9893306,2019,2019-02-14,7.05,2,0,N,       ,N,N,0,Cloudy,Daylight,1.0,1.0,0,No Roadway Departure,0,N,0.0,D,1.0,28.0,F,Y,1.0,Apparently Normal,4.0,0,0,0,Failed to Yield,From Stop Sign,0,0,0,0,0,0,0,0,0,0,0,0,0,0,0,1,0,0,0,0,0,0,0,0,0,0,0,0,0,0,0,0,0,0,0,0,0
300401062,Ottawa,northern,US-59,US Route,1,0.0,0.0,non_incapacitating_injury,1.0,0,0.0,1.0,0.0,REAR-END,REAR-END,36.859039,-94.9038435,2019,2019-02-11,11.55,2,1,N,       ,N,N,0,Rain,Daylight,2.0,2.0,0,No Roadway Departure,0,Y,0.0,D,99.0,0.0,9,Y,1.0,Unknown,99.0,0,0,0,Failed to Yield,From Stop Sign,0,0,0,0,0,0,0,0,0,0,0,0,0,0,0,1,0,0,0,0,0,0,0,0,0,0,0,0,0,0,0,0,0,0,1,0,0
300401181,Tulsa,tulsa,,City Street,1,0.0,0.0,incapacitating_injury,5.0,0,1.0,4.0,0.0,RIGHT-ANGLE,RIGHT-ANGLE,36.1807209,-95.9403575,2019,2019-02-15,17.55,4,0,N,       ,N,N,0,Clear,Dark / Lighted,1.0,1.0,0,Fixed Object,0,N,0.0,D,2.0,28.0,F,Y,4.0,Unknown,99.0,0,0,0,Failed to Yield,From Stop Sign,0,0,0,0,0,0,0,0,0,0,0,0,0,0,0,1,0,0,0,0,0,0,0,0,0,0,0,0,0,0,0,0,0,0,0,0,0
300401306,Tulsa,northern,SH-20,State Highway,0,0.0,0.0,property_damage,0.0,0,0.0,0.0,0.0,SIDESWIPE-SAME,SIDESWIPE-SAME,36.3683932,-95.9897503,2019,2019-02-16,16.33,2,0,N,       ,N,N,0,Clear,Daylight,1.0,16.0,0,No Roadway Departure,0,N,0.0,D,2.0,63.0,M,Y,1.0,Apparently Normal,1.0,0,0,0,Failed to Yield,To Vehicle on Right,0,0,0,0,0,0,0,0,0,0,0,0,0,0,0,1,0,0,0,0,0,0,0,0,0,0,0,0,0,0,0,0,0,0,0,0,0
300401318,Tulsa,tulsa,,City Street,1,99.0,80.0,property_damage,0.0,0,0.0,0.0,0.0,RIGHT-ANGLE,RIGHT-ANGLE,36.1771415,-95.9582451,2019,2019-02-18,10.0,2,0,N,       ,N,N,0,Clear,Daylight,1.0,1.0,0,No Roadway Departure,0,N,0.0,D,4.0,72.0,M,Y,1.0,Apparently Normal,4.0,1,0,0,Failed to Yield,From Signal Light,0,0,0,0,0,0,0,0,0,0,0,0,0,0,0,1,0,0,0,0,0,0,0,0,0,0,0,0,0,0,0,0,0,0,0,0,0
300401319,Tulsa,northern,,County Road,1,0.0,0.0,non_incapacitating_injury,1.0,0,0.0,1.0,0.0,RIGHT-ANGLE,RIGHT-ANGLE,36.2787,-95.9199,2019,2019-02-16,15.5,2,0,N,       ,N,N,0,Clear,Daylight,1.0,1.0,0,No Roadway Departure,0,N,0.0,D,20.0,19.0,F,Y,1.0,Apparently Normal,1.0,0,1,0,Failed to Yield,From Stop Sign,0,0,0,0,0,0,0,0,0,0,0,0,0,0,0,1,0,0,0,0,0,0,0,0,0,0,0,0,0,0,0,0,0,0,0,0,0
300401338,Washington,northern,US-75,US Route,1,0.0,0.0,incapacitating_injury,2.0,0,2.0,0.0,0.0,ANGLE-TURNING,ANGLE-TURNING,36.6672726,-95.9352096,2019,2019-02-17,14.38,2,0,N,       ,N,N,0,Clear,Daylight,1.0,6.0,0,Roadway Departure Right,0,N,0.0,D,20.0,40.0,F,Y,1.0,Apparently Normal,4.0,0,0,0,Failed to Yield,From Stop Sign,0,0,0,0,0,0,0,0,0,0,0,0,0,0,0,1,0,0,0,0,0,0,0,0,0,0,0,0,0,0,0,0,0,0,0,0,0
300401390,Tulsa,tulsa,SH-11,State Highway,1,0.0,0.0,property_damage,0.0,0,0.0,0.0,0.0,RIGHT-ANGLE,RIGHT-ANGLE,36.2272839,-95.9756236,2019,2019-02-17,21.1,2,0,N,       ,N,N,0,Clear,Dark / Lighted,1.0,1.0,0,No Roadway Departure,0,N,0.0,D,1.0,35.0,M,Y,1.0,Apparently Normal,4.0,0,0,0,Failed to Yield,From Signal Light,0,0,0,0,0,0,0,0,0,0,0,0,0,0,0,1,0,0,0,0,0,0,0,0,0,0,0,0,0,0,0,0,0,0,0,0,0
300401477,Tulsa,tulsa,,City Street,1,0.0,0.0,non_incapacitating_injury,2.0,0,0.0,2.0,0.0,RIGHT-ANGLE,RIGHT-ANGLE,36.1625435,-95.9671074,2019,2019-02-17,10.3,2,0,N,       ,N,N,0,Clear,Daylight,1.0,1.0,0,No Roadway Departure,0,Y,0.0,D,2.0,0.0,F,Y,1.0,Unknown,99.0,0,0,0,Failed to Yield,From Stop Sign,0,0,0,0,0,0,0,0,0,0,0,0,0,0,0,1,0,0,0,0,0,0,0,0,0,0,0,0,0,0,0,0,0,0,0,0,0
300401978,Tulsa,tulsa,,City Street,1,0.0,0.0,possible_injury,0.0,0,0.0,0.0,2.0,RIGHT-ANGLE,RIGHT-ANGLE,36.1660586,-95.993411,2019,2019-02-22,8.2,2,0,N,       ,N,N,0,Cloudy,Daylight,1.0,1.0,0,No Roadway Departure,0,N,0.0,D,20.0,42.0,M,Y,1.0,Apparently Normal,4.0,0,0,0,Failed to Yield,From Stop Sign,0,0,0,0,0,0,0,0,0,0,0,0,0,0,0,1,0,0,0,0,0,0,0,0,0,0,0,0,0,0,0,0,0,0,0,0,0
300402093,Mayes,northern,,County Road,1,80.0,99.0,property_damage,0.0,0,0.0,0.0,0.0,RIGHT-ANGLE,RIGHT-ANGLE,36.1965,-95.2252,2019,2019-02-21,17.42,2,0,N,       ,N,N,0,Clear,Daylight,1.0,1.0,0,Roadway Departure Right,0,N,0.0,D,2.0,61.0,M,Y,1.0,Apparently Normal,4.0,0,0,0,Failed to Yield,From Stop Sign,0,0,0,0,0,0,0,0,0,0,0,0,0,0,0,1,0,0,0,0,0,0,0,0,0,0,0,0,0,0,0,0,0,0,0,0,0
300402147,Tulsa,northern,,County Road,1,0.0,0.0,possible_injury,0.0,0,0.0,0.0,1.0,ANGLE-TURNING,ANGLE-TURNING,36.3609,-95.8305,2019,2019-02-20,21.01,2,0,N,       ,N,N,0,Clear,Dark / Unlighted,1.0,13.0,0,No Roadway Departure,0,N,0.0,D,2.0,18.0,M,Y,1.0,Apparently Normal,4.0,0,1,0,Failed to Yield,From Stop Sign,0,0,0,0,0,0,0,0,0,0,0,0,0,0,0,1,0,0,0,0,0,0,0,0,0,0,0,0,0,0,0,0,0,0,0,1,0
300402148,Tulsa,northern,US-75,US Route,1,0.0,0.0,non_incapacitating_injury,2.0,0,0.0,2.0,0.0,RIGHT-ANGLE,RIGHT-ANGLE,36.3367195,-95.9239843,2019,2019-02-22,18.16,2,0,N,       ,N,N,0,Rain,Dark / Unlighted,2.0,1.0,0,Roadway Departure Right,0,N,0.0,D,4.0,18.0,F,Y,3.0,Apparently Normal,4.0,0,1,0,Failed to Yield,County Road at Through Highway,0,0,0,0,0,0,0,0,0,0,0,0,0,0,0,1,0,0,0,0,0,0,0,0,0,0,0,0,0,0,0,0,0,0,1,1,0
300402156,Tulsa,tulsa,,City Street,1,99.0,80.0,property_damage,0.0,0,0.0,0.0,0.0,F-O TRAFF-SIGNAL,FIXED-OBJECT,36.1915932,-95.9045818,2019,2019-02-22,20.3,1,0,N,       ,N,N,0,Rain,Dark / Lighted,2.0,20.0,0,Roadway Departure Right,0,N,0.0,D,2.0,19.0,M,Y,1.0,Apparently Normal,4.0,0,1,0,Failed to Yield,From Signal Light,0,0,0,0,0,0,0,0,0,0,0,0,0,0,0,1,0,0,0,0,0,0,0,0,0,0,0,0,0,0,0,0,0,0,1,0,0
300402233,Tulsa,tulsa,,City Street,1,80.0,99.0,property_damage,0.0,0,0.0,0.0,0.0,ANGLE-TURNING,ANGLE-TURNING,36.1807209,-95.9403575,2019,2019-02-25,7.25,2,0,N,       ,N,N,0,Clear,Daylight,1.0,6.0,0,No Roadway Departure,0,N,0.0,D,2.0,16.0,M,Y,1.0,Apparently Normal,4.0,0,1,0,Failed to Yield,From Stop Sign,0,0,0,0,0,0,0,0,0,0,0,0,0,0,0,1,0,0,0,0,0,0,0,0,0,0,0,0,0,0,0,0,0,0,0,0,0
300402238,Tulsa,tulsa,,City Street,8,99.0,80.0,property_damage,0.0,0,0.0,0.0,0.0,OTH-BACKING,OTH-BACKING,36.1771404,-95.95019953,2019,2019-02-22,16.1,2,0,N,       ,N,N,0,Rain,Daylight,2.0,27.0,0,No Roadway Departure,0,N,0.0,D,2.0,53.0,F,Y,1.0,Apparently Normal,4.0,0,0,0,Failed to Yield,Private Drive,0,0,0,0,0,0,0,0,0,0,0,0,0,0,0,1,0,0,0,0,0,0,0,0,0,0,0,0,0,0,0,0,0,0,1,0,0
300402283,Rogers,northern,SH-20,State Highway,1,0.0,0.0,non_incapacitating_injury,1.0,0,0.0,1.0,1.0,RIGHT-ANGLE,RIGHT-ANGLE,36.3073862,-95.6690377,2019,2019-02-21,18.17,2,0,N,       ,N,N,0,Cloudy,Dusk,1.0,1.0,0,Roadway Departure Right,0,N,0.0,D,1.0,22.0,F,Y,2.0,Apparently Normal,4.0,0,0,0,Failed to Yield,From Stop Sign,0,0,0,0,0,0,0,0,0,0,0,0,0,0,0,1,0,0,0,0,0,0,0,0,0,0,0,0,0,0,0,0,0,0,0,1,0
300402287,Tulsa,tulsa,,City Street,1,0.0,0.0,possible_injury,0.0,0,0.0,0.0,2.0,ANGLE-TURNING,ANGLE-TURNING,36.1771315,-95.9510291,2019,2019-02-22,16.27,2,0,N,       ,N,N,0,Rain,Daylight,2.0,6.0,0,No Roadway Departure,0,N,0.0,D,21.0,29.0,F,Y,2.0,Apparently Normal,4.0,0,0,0,Failed to Yield,From Stop Sign,0,0,0,0,0,0,0,0,0,0,0,0,0,0,0,1,0,0,0,0,0,0,0,0,0,0,0,0,0,0,0,0,0,0,1,0,0
300402334,Rogers,northern,SH-20,State Highway,1,0.0,0.0,property_damage,0.0,0,0.0,0.0,0.0,RIGHT-ANGLE,RIGHT-ANGLE,36.321819,-95.7763594,2019,2019-01-31,16.55,2,0,N,       ,N,N,0,Cloudy,Daylight,1.0,1.0,0,No Roadway Departure,0,N,0.0,D,21.0,65.0,M,Y,1.0,Apparently Normal,4.0,1,0,0,Failed to Yield,From Stop Sign,0,0,0,0,0,0,0,0,0,0,0,0,0,0,0,1,0,0,0,0,0,0,0,0,0,0,0,0,0,0,0,0,0,0,0,0,0
300402364,Rogers,northern,,County Road,1,0.0,0.0,possible_injury,0.0,0,0.0,0.0,1.0,RIGHT-ANGLE,RIGHT-ANGLE,36.4233,-95.5611,2019,2019-02-13,18.37,3,0,N,       ,N,N,0,Clear,Dark / Lighted,1.0,1.0,0,Roadway Departure Left,0,N,0.0,D,2.0,40.0,F,Y,1.0,Apparently Normal,4.0,0,0,0,Failed to Yield,From Stop Sign,0,0,0,0,0,0,0,0,0,0,0,0,0,0,0,1,0,0,0,0,0,0,0,0,0,0,0,0,0,0,0,0,0,0,0,0,0
300402433,Cherokee,southern,SH-82,State Highway,0,1.0,0.0,fatal,1.0,1,0.0,1.0,0.0,ANGLE-TURNING,ANGLE-TURNING,35.8089557,-94.967437,2019,2019-02-20,11.24,2,0,N,       ,N,N,0,Clear,Daylight,1.0,6.0,0,Roadway Departure Right,0,N,0.0,D,4.0,76.0,M,Y,5.0,Apparently Normal,4.0,1,0,0,Failed to Yield,Private Drive,0,0,0,0,0,0,0,0,0,0,0,0,0,0,0,1,0,0,0,0,0,0,0,0,0,0,0,0,0,0,0,0,0,0,0,0,0
300402452,Tulsa,tulsa,,City Street,8,99.0,80.0,property_damage,0.0,0,0.0,0.0,0.0,F-O UTIL-POLE,FIXED-OBJECT,36.1770895,-95.91943693,2019,2019-02-23,12.3,1,0,N,       ,N,N,0,Other,Daylight,1.0,20.0,0,Fixed Object,0,N,2.0,D,22.0,41.0,M,Y,0.0,Apparently Normal,3.0,0,0,0,Failed to Yield,Other,0,0,0,0,0,0,0,0,0,0,0,0,0,0,0,1,0,0,0,0,0,0,0,0,0,0,0,0,0,0,0,0,0,0,0,0,0
300402653,Cherokee,southern,SH-82,State Highway,1,0.0,0.0,non_incapacitating_injury,1.0,0,0.0,1.0,1.0,ANGLE-TURNING,ANGLE-TURNING,35.8440226,-94.9677284,2019,2019-02-22,14.21,2,0,N,       ,N,N,0,Cloudy,Daylight,2.0,6.0,0,Roadway Departure Left,0,N,0.0,D,4.0,42.0,M,Y,1.0,Apparently Normal,4.0,0,0,0,Failed to Yield,From Stop Sign,0,0,0,0,0,0,0,0,0,0,0,0,0,0,0,1,0,0,0,0,0,0,0,0,0,0,0,0,0,0,0,0,0,0,0,0,0
300403016,Tulsa,northern,US-75,US Route,1,20.0,0.0,property_damage,0.0,0,0.0,0.0,0.0,RIGHT-ANGLE,RIGHT-ANGLE,36.2500945,-95.9312682,2019,2019-02-25,16.27,2,0,N,       ,N,N,0,Clear,Daylight,1.0,1.0,0,No Roadway Departure,0,N,0.0,D,4.0,27.0,M,Y,1.0,Apparently Normal,4.0,0,0,0,Failed to Yield,From Stop Sign,0,0,0,0,0,0,0,0,0,0,0,0,0,0,0,1,0,0,0,0,0,0,0,0,0,0,0,0,0,0,0,0,0,0,0,0,0
300403044,Ottawa,northern,US-59,US Route,1,0.0,0.0,possible_injury,0.0,0,0.0,0.0,1.0,RIGHT-ANGLE,RIGHT-ANGLE,36.6794972,-94.8554399,2019,2019-03-01,11.41,2,0,N,       ,N,N,0,Cloudy,Daylight,1.0,1.0,0,No Roadway Departure,0,N,0.0,D,4.0,84.0,M,Y,1.0,Apparently Normal,4.0,1,0,0,Failed to Yield,From Signal Light,0,0,0,0,0,0,0,0,0,0,0,0,0,0,0,1,0,0,0,0,0,0,0,0,0,0,0,0,0,0,0,0,0,0,0,0,0
300403172,Muskogee,southern,US-62,US Route,1,0.0,0.0,possible_injury,0.0,0,0.0,0.0,2.0,ANGLE-TURNING,ANGLE-TURNING,35.7984166,-95.1820259,2019,2019-03-01,6.53,2,0,N,       ,N,N,0,Cloudy,Daylight,1.0,7.0,0,Roadway Departure Right,0,N,0.0,D,21.0,42.0,F,Y,2.0,Apparently Normal,4.0,0,0,0,Failed to Yield,To Vehicle in Intersection,0,0,0,0,0,0,0,0,0,0,0,0,0,0,0,1,0,0,0,0,0,0,0,0,0,0,0,0,0,0,0,0,0,0,0,0,0