crash_id,county,region,highway_name,highway_class,intersection_rel,special_feature_1,special_feature_2,severity_level,visual_injured_num,fatal_num,suspected_serious_injured_num,non_incapacitated_injured_num,possibly_injured_num,crash_type,main_crash_type,latitude,longitude,year,date,time,number_of_vehicles,number_of_commercial_vehicles,work_zone,railroad_crossing,alcohol,drug,Alcohol or Drug,weather_condition,lighting_condition,road_condition,manner_of_collision,pedestrians_num,roadway_departure,cross_centerline,hit_and_run,emergency_vehicle_use,unit_type,vehicle_type,age,sex,driver_of_vehicle,injury_severity,person_condition,restraint_use,older_driver,teen_driver,Sleepy/Ill/Dizzy Driver,unsafe_unlaw_category,unsafe_unlaw_desc,Abnormal Traffic Control,Alcohol-DUI/DWI,Animal in Roadway,Apparently Sleepy,Avoiding Other Vehicle,Avoiding Pedestrian,Changed Lanes Unsafely,Deer in Roadway,Defect in Roadway,Disregarded Warning Signal,Domestic Animal in Roadway,Drug-DUI,Failed to Secure Load,Failed to Signal,Failed to Stop,Failed to Yield,Followed too Closely,Improper Backing,Improper Bicyclist Action,Improper Overtaking,Improper Parking,Improper Start From,Improper Turn,Improper Use of Lane,Distraction,Left of Center,No Improper Action by Driver,Object/Debris in Roadway,Other Improper Act/Movement,Pedestrian Action,Stopped in Traffic Lane,Speeding,Unsafe Vehicle,Wrong Way,Bad Weather,Bad Lighting,Bad Road Condition
300449880,Muskogee,southern,,County Road,0,99.0,80.0,property_damage,0.0,0,0.0,0.0,0.0,SIDESWIPE-SAME,SIDESWIPE-SAME,35.8103,-95.1805,2019,2019-12-10,14.5,2,0,N,       ,N,N,0,Clear,Daylight,1.0,16.0,0,Roadway Departure Left,0,N,0.0,D,23.0,26.0,F,Y,1.0,Apparently Normal,4.0,0,0,0,Failed to Yield,Private Drive,0,0,0,0,0,0,0,0,0,0,0,0,0,0,0,1,0,0,0,0,0,0,0,0,0,0,0,0,0,0,0,0,0,0,0,0,0
300449904,Rogers,northern,SH-167,State Highway,1,0.0,0.0,non_incapacitating_injury,1.0,0,0.0,1.0,0.0,RIGHT-ANGLE,RIGHT-ANGLE,36.22603644,-95.75907554,2020,2020-01-06,6.25,2,0,N,       ,N,N,0,Cloudy,Dark / Unlighted,1.0,1.0,0,Roadway Departure Right,0,N,0.0,D,2.0,24.0,F,Y,1.0,Apparently Normal,4.0,0,0,0,Failed to Yield,From Stop Sign,0,0,0,0,0,0,0,0,0,0,0,0,0,0,0,1,0,0,0,0,0,0,0,0,0,0,0,0,0,0,0,0,0,0,0,1,0
300449942,Tulsa,northern,SH-11,State Highway,1,0.0,0.0,non_incapacitating_injury,1.0,0,0.0,1.0,2.0,ANGLE-TURNING,ANGLE-TURNING,36.24494052,-95.97551584,2020,2020-01-10,17.2,2,0,N,       ,N,N,0,Rain,Dark / Unlighted,2.0,6.0,0,No Roadway Departure,0,N,0.0,D,20.0,36.0,F,Y,1.0,Apparently Normal,4.0,0,0,0,Failed to Yield,From Stop Sign,0,0,0,0,0,0,0,0,0,0,0,0,0,0,0,1,0,0,0,0,0,0,0,0,0,0,0,0,0,0,0,0,0,0,1,1,0
300449952,Tulsa,tulsa,,City Street,1,0.0,0.0,possible_injury,0.0,0,0.0,0.0,1.0,RIGHT-ANGLE,RIGHT-ANGLE,36.168593,-95.897999,2020,2020-01-12,17.1,2,0,N,       ,N,N,0,Clear,Daylight,1.0,1.0,0,Roadway Departure Right,0,N,0.0,D,2.0,21.0,F,Y,1.0,Apparently Normal,4.0,0,0,0,Failed to Yield,From Stop Sign,0,0,0,0,0,0,0,0,0,0,0,0,0,0,0,1,0,0,0,0,0,0,0,0,0,0,0,0,0,0,0,0,0,0,0,0,0
300450046,Delaware,northern,US-59,US Route,1,0.0,0.0,property_damage,0.0,0,0.0,0.0,0.0,ANGLE-TURNING,ANGLE-TURNING,36.65197392,-94.81864594,2020,2020-01-10,12.39,2,0,N,       ,N,N,0,Rain,Daylight,2.0,6.0,0,Roadway Departure Right,0,N,0.0,D,2.0,69.0,F,Y,1.0,Apparently Normal,4.0,1,0,0,Failed to Yield,From Stop Sign,0,0,0,0,0,0,0,0,0,0,0,0,0,0,0,1,0,0,0,0,0,0,0,0,0,0,0,0,0,0,0,0,0,0,1,0,0
300450433,Cherokee,southern,SH-82,State Highway,1,0.0,0.0,property_damage,0.0,0,0.0,0.0,0.0,ANGLE-TURNING,ANGLE-TURNING,35.84404196,-94.96773353,2020,2020-01-16,17.08,2,0,N,       ,N,N,0,Clear,Dawn,1.0,6.0,0,No Roadway Departure,0,N,0.0,D,2.0,72.0,M,Y,1.0,Apparently Normal,4.0,1,0,0,Failed to Yield,County Road at Through Highway,0,0,0,0,0,0,0,0,0,0,0,0,0,0,0,1,0,0,0,0,0,0,0,0,0,0,0,0,0,0,0,0,0,0,0,1,0
300450689,Delaware,northern,SH-10,State Highway,1,0.0,0.0,property_damage,0.0,0,0.0,0.0,0.0,ANGLE-TURNING,ANGLE-TURNING,36.62506293,-94.71144224,2020,2020-01-17,13.1,2,0,N,       ,N,N,0,Rain,Daylight,2.0,12.0,0,Roadway Departure Right,0,Y,0.0,D,4.0,0.0,9,Y,1.0,Unknown,99.0,0,0,0,Failed to Yield,From Stop Sign,0,0,0,0,0,0,0,0,0,0,0,0,0,0,0,1,0,0,0,0,0,0,0,0,0,0,0,0,0,0,0,0,0,0,1,0,0
300450764,Tulsa,tulsa,,City Street,1,99.0,80.0,property_damage,0.0,0,0.0,0.0,0.0,ANGLE-TURNING,ANGLE-TURNING,36.17711,-95.9403277,2020,2020-01-15,13.55,2,0,N,       ,N,N,0,Cloudy,Daylight,1.0,7.0,0,No Roadway Departure,0,N,0.0,D,2.0,42.0,M,Y,1.0,Apparently Normal,4.0,0,0,0,Failed to Yield,To Vehicle in Intersection,0,0,0,0,0,0,0,0,0,0,0,0,0,0,0,1,0,0,0,0,0,0,0,0,0,0,0,0,0,0,0,0,0,0,0,0,0
300450824,Tulsa,tulsa,,City Street,1,0.0,0.0,possible_injury,0.0,0,0.0,0.0,1.0,ANGLE-TURNING,ANGLE-TURNING,36.1660573,-95.9756224,2020,2020-01-20,18.5,2,0,N,       ,N,N,0,Clear,Dark / Lighted,1.0,6.0,0,No Roadway Departure,0,N,0.0,D,2.0,48.0,M,Y,1.0,Apparently Normal,4.0,0,0,0,Failed to Yield,From Stop Sign,0,0,0,0,0,0,0,0,0,0,0,0,0,0,0,1,0,0,0,0,0,0,0,0,0,0,0,0,0,0,0,0,0,0,0,0,0
300450951,Sequoyah,southern,I-40,Interstate,0,41.0,5.0,property_damage,0.0,0,0.0,0.0,0.0,SIDESWIPE-SAME,SIDESWIPE-SAME,35.45046084,-94.75878986,2020,2020-01-22,16.16,2,0,Y,       ,N,N,0,Rain,Daylight,2.0,38.0,0,No Roadway Departure,0,N,0.0,D,4.0,27.0,F,Y,1.0,Apparently Normal,4.0,0,0,0,Failed to Yield,From Stop Sign,0,0,0,0,0,0,0,0,0,0,0,0,0,0,0,1,0,0,0,0,0,0,0,0,0,0,0,0,0,0,0,0,0,0,1,0,0
300450952,Mayes,northern,SH-69A,State Highway,1,0.0,0.0,possible_injury,0.0,0,0.0,0.0,1.0,F-O DITCH,FIXED-OBJECT,36.249373,-95.25601664,2020,2020-01-18,19.29,1,0,N,       ,N,N,0,Clear,Dark / Lighted,1.0,41.0,0,Fixed Object,0,N,0.0,D,21.0,77.0,F,Y,2.0,Apparently Normal,4.0,1,0,0,Failed to Yield,From Stop Sign,0,0,0,0,0,0,0,0,0,0,0,0,0,0,0,1,0,0,0,0,0,0,0,0,0,0,0,0,0,0,0,0,0,0,0,0,0
300450953,Mayes,northern,US-412,US Route,1,0.0,0.0,possible_injury,0.0,0,0.0,0.0,4.0,RIGHT-ANGLE,RIGHT-ANGLE,36.1696664,-95.38647855,2020,2020-01-19,17.17,2,0,N,       ,N,N,0,Clear,Daylight,1.0,1.0,0,No Roadway Departure,0,N,0.0,D,4.0,31.0,F,Y,1.0,Apparently Normal,4.0,0,0,0,Failed to Yield,From Yield Sign,0,0,0,0,0,0,0,0,0,0,0,0,0,0,0,1,0,0,0,0,0,0,0,0,0,0,0,0,0,0,0,0,0,0,0,0,0
300450955,Tulsa,tulsa,,City Street,5,0.0,0.0,property_damage,0.0,0,0.0,0.0,0.0,F-O BARR-OTHER,FIXED-OBJECT,36.20619441,-95.9935058,2020,2020-01-21,22.14,1,0,N,       ,N,N,0,Clear,Dark / Lighted,1.0,33.0,0,Fixed Object,0,N,0.0,D,2.0,16.0,F,Y,1.0,Apparently Normal,99.0,0,1,0,Failed to Yield,To Emergency Vehicles,0,0,0,0,0,0,0,0,0,0,0,0,0,0,0,1,0,0,0,0,0,0,0,0,0,0,0,0,0,0,0,0,0,0,0,0,0
300451215,Tulsa,tulsa,,City Street,1,99.0,80.0,property_damage,0.0,0,0.0,0.0,0.0,ANGLE-TURNING,ANGLE-TURNING,36.1769373,-95.9755261,2020,2020-01-24,7.15,2,0,N,       ,N,N,0,Clear,Daylight,1.0,7.0,0,No Roadway Departure,0,N,0.0,D,23.0,57.0,F,Y,1.0,Apparently Normal,4.0,0,0,0,Failed to Yield,From Signal Light,0,0,0,0,0,0,0,0,0,0,0,0,0,0,0,1,0,0,0,0,0,0,0,0,0,0,0,0,0,0,0,0,0,0,0,0,0
300451253,Craig,northern,SH-2,State Highway,0,1.0,0.0,property_damage,0.0,0,0.0,0.0,0.0,ANGLE-TURNING,ANGLE-TURNING,36.87382885,-95.09887292,2020,2020-01-22,21.56,2,0,N,       ,N,N,0,Rain,Dark / Unlighted,2.0,6.0,0,Roadway Departure Right,0,N,0.0,D,20.0,28.0,F,Y,1.0,Apparently Normal,4.0,0,0,0,Failed to Yield,Private Drive,0,0,0,0,0,0,0,0,0,0,0,0,0,0,0,1,0,0,0,0,0,0,0,0,0,0,0,0,0,0,0,0,0,0,1,1,0
300451284,Tulsa,tulsa,,City Street,1,0.0,0.0,non_incapacitating_injury,2.0,0,0.0,2.0,0.0,RIGHT-ANGLE,RIGHT-ANGLE,36.17706,-95.9096545,2020,2020-01-16,18.09,3,0,N,       ,N,N,0,Clear,Dark / Lighted,1.0,1.0,0,No Roadway Departure,0,N,0.0,D,2.0,21.0,M,Y,1.0,Apparently Normal,4.0,0,0,0,Failed to Yield,From Stop Sign,0,0,0,0,0,0,0,0,0,0,0,0,0,0,0,1,0,0,0,0,0,0,0,0,0,0,0,0,0,0,0,0,0,0,0,0,0
300451585,Tulsa,tulsa,,City Street,5,99.0,80.0,property_damage,0.0,0,0.0,0.0,0.0,HEAD-ON,HEAD-ON,36.17543731,-95.9705398,2020,2020-01-26,17.2,3,0,N,       ,N,N,0,Clear,Daylight,1.0,18.0,0,No Roadway Departure,0,Y,0.0,D,2.0,41.0,M,Y,1.0,Apparently Normal,4.0,0,0,0,Failed to Yield,To Emergency Vehicles,0,0,0,0,0,0,0,0,0,0,0,0,0,0,0,1,0,0,0,0,0,0,0,0,0,0,0,0,0,0,0,0,0,0,0,0,0
300451715,Tulsa,tulsa,,City Street,6,1.0,0.0,non_incapacitating_injury,1.0,0,0.0,1.0,0.0,ANGLE-TURNING,ANGLE-TURNING,36.168411,-95.90422647,2020,2020-01-29,7.1,2,0,N,       ,N,N,0,Cloudy,Daylight,2.0,7.0,0,No Roadway Departure,0,N,0.0,D,20.0,70.0,F,Y,3.0,Apparently Normal,4.0,1,0,0,Failed to Yield,Other,0,0,0,0,0,0,0,0,0,0,0,0,0,0,0,1,0,0,0,0,0,0,0,0,0,0,0,0,0,0,0,0,0,0,0,0,0
300452037,Rogers,northern,US-412,US Route,1,0.0,0.0,non_incapacitating_injury,2.0,0,0.0,2.0,1.0,RIGHT-ANGLE,RIGHT-ANGLE,36.17081339,-95.58269581,2020,2020-01-24,17.29,2,0,N,       ,N,N,0,Cloudy,Dusk,1.0,1.0,0,Roadway Departure Right,0,N,0.0,D,4.0,16.0,M,Y,2.0,Apparently Normal,4.0,0,1,0,Failed to Yield,County Road at Through Highway,0,0,0,0,0,0,0,0,0,0,0,0,0,0,0,1,0,0,0,0,0,0,0,0,0,0,0,0,0,0,0,0,0,0,0,1,0
300452045,Tulsa,tulsa,,City Street,1,0.0,0.0,possible_injury,0.0,0,0.0,0.0,1.0,ANGLE-TURNING,ANGLE-TURNING,36.1626169,-95.9581593,2020,2020-01-31,7.45,2,0,N,       ,N,N,0,Clear,Daylight,1.0,12.0,0,No Roadway Departure,0,N,0.0,D,4.0,24.0,F,Y,1.0,Apparently Normal,4.0,0,0,0,Failed to Yield,From Stop Sign,0,0,0,0,0,0,0,0,0,0,0,0,0,0,0,1,0,0,0,0,0,0,0,0,0,0,0,0,0,0,0,0,0,0,0,0,0
300452048,Sequoyah,southern,US-59,US Route,1,0.0,0.0,property_damage,0.0,0,0.0,0.0,0.0,RIGHT-ANGLE,RIGHT-ANGLE,35.50675052,-94.77264213,2020,2020-01-10,18.53,2,0,N,       ,N,N,0,Rain,Dark / Unlighted,2.0,1.0,0,No Roadway Departure,0,N,0.0,D,2.0,17.0,M,Y,1.0,Apparently Normal,4.0,0,1,0,Failed to Yield,From Stop Sign,0,0,0,0,0,0,0,0,0,0,0,0,0,0,0,1,0,0,0,0,0,0,0,0,0,0,0,0,0,0,0,0,0,0,1,1,0
300452220,Adair,southern,SH-51,State Highway,1,0.0,0.0,possible_injury,0.0,0,0.0,0.0,2.0,ANGLE-TURNING,ANGLE-TURNING,35.85925809,-94.71051316,2020,2020-01-31,17.08,2,0,N,       ,N,N,0,Clear,Daylight,1.0,6.0,0,Roadway Departure Left,0,N,0.0,D,2.0,18.0,F,Y,1.0,Apparently Normal,4.0,0,1,0,Failed to Yield,From Stop Sign,0,0,0,0,0,0,0,0,0,0,0,0,0,0,0,1,0,0,0,0,0,0,0,0,0,0,0,0,0,0,0,0,0,0,0,0,0
300452363,Tulsa,tulsa,I-244,Interstate,1,20.0,0.0,property_damage,0.0,0,0.0,0.0,0.0,ANGLE-TURNING,ANGLE-TURNING,36.16188275,-95.88160104,2020,2020-02-03,6.37,3,0,N,       ,N,N,0,Clear,Dark / Unlighted,1.0,7.0,0,No Roadway Departure,0,N,0.0,D,2.0,30.0,M,Y,1.0,Apparently Normal,4.0,0,0,0,Failed to Yield,From Signal Light,0,0,0,0,0,0,0,0,0,0,0,0,0,0,0,1,0,0,0,0,0,0,0,0,0,0,0,0,0,0,0,0,0,0,0,1,0
300452404,Rogers,northern,US-412,US Route,1,0.0,0.0,non_incapacitating_injury,3.0,0,0.0,3.0,0.0,RIGHT-ANGLE,RIGHT-ANGLE,36.16444706,-95.65439696,2020,2020-01-31,17.18,2,0,N,       ,N,N,0,Clear,Daylight,1.0,1.0,0,Roadway Departure Right,0,N,0.0,D,4.0,69.0,M,Y,3.0,Apparently Normal,4.0,1,0,0,Failed to Yield,From Stop Sign,0,0,0,0,0,0,0,0,0,0,0,0,0,0,0,1,0,0,0,0,0,0,0,0,0,0,0,0,0,0,0,0,0,0,0,0,0
300452480,Tulsa,tulsa,,City Street,7,99.0,80.0,property_damage,0.0,0,0.0,0.0,0.0,ANGLE-TURNING,ANGLE-TURNING,36.22760299,-95.9583287,2020,2020-02-03,12.19,2,0,N,       ,N,N,0,Clear,Daylight,1.0,10.0,0,No Roadway Departure,0,N,0.0,D,4.0,58.0,M,Y,1.0,Apparently Normal,4.0,0,0,0,Failed to Yield,Private Drive,0,0,0,0,0,0,0,0,0,0,0,0,0,0,0,1,0,0,0,0,0,0,0,0,0,0,0,0,0,0,0,0,0,0,0,0,0
300452652,Delaware,northern,US-59,US Route,1,0.0,0.0,non_incapacitating_injury,2.0,0,0.0,2.0,1.0,RIGHT-ANGLE,RIGHT-ANGLE,36.17771681,-94.69078883,2020,2020-02-03,23.21,2,0,N,       ,N,N,0,Clear,Dark / Unlighted,1.0,1.0,0,Roadway Departure Right,0,N,0.0,D,4.0,73.0,M,Y,2.0,Apparently Normal,4.0,1,0,0,Failed to Yield,From Yield Sign,0,0,0,0,0,0,0,0,0,0,0,0,0,0,0,1,0,0,0,0,0,0,0,0,0,0,0,0,0,0,0,0,0,0,0,1,0
300452790,Tulsa,tulsa,,City Street,1,0.0,0.0,non_incapacitating_injury,1.0,0,0.0,1.0,0.0,RIGHT-ANGLE,RIGHT-ANGLE,36.1802418,-95.9224246,2020,2020-02-05,15.3,2,0,N,       ,N,N,0,Snow,Daylight,4.0,1.0,0,Fixed Object,0,N,0.0,D,2.0,26.0,M,Y,3.0,Apparently Normal,1.0,0,0,0,Failed to Yield,From Stop Sign,0,0,0,0,0,0,0,0,0,0,0,0,0,0,0,1,0,0,0,0,0,0,0,0,0,0,0,0,0,0,0,0,0,0,1,0,1
300453209,Craig,northern,,County Road,1,0.0,0.0,non_incapacitating_injury,2.0,0,0.0,2.0,4.0,RIGHT-ANGLE,RIGHT-ANGLE,36.5248,-95.0953,2020,2020-02-09,16.01,2,0,N,       ,N,N,0,Cloudy,Daylight,2.0,1.0,0,Roadway Departure Left,0,N,0.0,D,4.0,17.0,M,Y,2.0,Apparently Normal,4.0,0,1,0,Failed to Yield,From Stop Sign,0,0,0,0,0,0,0,0,0,0,0,0,0,0,0,1,0,0,0,0,0,0,0,0,0,0,0,0,0,0,0,0,0,0,0,0,0
300453266,Tulsa,tulsa,,City Street,1,80.0,99.0,property_damage,0.0,0,0.0,0.0,0.0,ANGLE-TURNING,ANGLE-TURNING,36.1843139,-95.9045767,2020,2020-02-07,14.0,2,0,N,       ,N,N,0,Clear,Daylight,1.0,13.0,0,No Roadway Departure,0,Y,0.0,D,2.0,19.0,M,Y,1.0,Unknown,99.0,0,1,0,Failed to Yield,From Signal Light,0,0,0,0,0,0,0,0,0,0,0,0,0,0,0,1,0,0,0,0,0,0,0,0,0,0,0,0,0,0,0,0,0,0,0,0,0
300453396,Cherokee,southern,,County Road,0,99.0,80.0,property_damage,0.0,0,0.0,0.0,0.0,RIGHT-ANGLE,RIGHT-ANGLE,35.8708,-94.9588,2020,2020-02-05,8.27,2,0,N,       ,N,N,0,Sleet/Hail/Freezing Rain,Daylight,2.0,1.0,0,Roadway Departure Right,0,N,0.0,D,20.0,23.0,F,Y,1.0,Apparently Normal,4.0,0,0,0,Failed to Yield,To Vehicle in Intersection,0,0,0,0,0,0,0,0,0,0,0,0,0,0,0,1,0,0,0,0,0,0,0,0,0,0,0,0,0,0,0,0,0,0,1,0,0
300453409,Cherokee,southern,US-62,US Route,0,1.0,0.0,property_damage,0.0,0,0.0,0.0,0.0,ANGLE-TURNING,ANGLE-TURNING,35.85391429,-94.98906143,2020,2020-02-09,12.01,2,0,N,       ,N,N,0,Cloudy,Daylight,1.0,7.0,0,No Roadway Departure,0,N,0.0,D,20.0,84.0,F,Y,1.0,Apparently Normal,4.0,1,0,0,Failed to Yield,Other,0,0,0,0,0,0,0,0,0,0,0,0,0,0,0,1,0,0,0,0,0,0,0,0,0,0,0,0,0,0,0,0,0,0,0,0,0
300453574,Tulsa,tulsa,,City Street,1,99.0,80.0,property_damage,0.0,0,0.0,0.0,0.0,RIGHT-ANGLE,RIGHT-ANGLE,36.1734693,-95.9224605,2020,2020-02-12,8.37,2,0,N,       ,N,N,0,Rain,Daylight,2.0,1.0,0,No Roadway Departure,0,N,0.0,D,2.0,34.0,F,Y,1.0,Apparently Normal,4.0,0,0,0,Failed to Yield,From Stop Sign,0,0,0,0,0,0,0,0,0,0,0,0,0,0,0,1,0,0,0,0,0,0,0,0,0,0,0,0,0,0,0,0,0,0,1,0,0
300453627,Tulsa,tulsa,,City Street,1,0.0,0.0,non_incapacitating_injury,1.0,0,0.0,1.0,0.0,PEDESTRIAN,PEDESTRIAN,36.1698588,-95.9224624,2020,2020-01-16,13.29,1,0,N,       ,N,N,0,Cloudy,Daylight,1.0,21.0,1,No Roadway Departure,0,N,0.0,D,2.0,21.0,M,Y,1.0,Apparently Normal,4.0,0,0,0,Failed to Yield,To Pedestrian,0,0,0,0,0,0,0,0,0,0,0,0,0,0,0,1,0,0,0,0,0,0,0,0,0,0,0,0,0,0,0,0,0,0,0,0,0
300453782,Tulsa,tulsa,,City Street,1,99.0,80.0,property_damage,0.0,0,0.0,0.0,0.0,RIGHT-ANGLE,RIGHT-ANGLE,36.168593,-95.897999,2020,2020-02-13,14.4,2,0,N,       ,N,N,0,Clear,Daylight,1.0,1.0,0,No Roadway Departure,0,Y,0.0,D,2.0,0.0,9,Y,1.0,Unknown,99.0,0,0,0,Failed to Yield,From Stop Sign,0,0,0,0,0,0,0,0,0,0,0,0,0,0,0,1,0,0,0,0,0,0,0,0,0,0,0,0,0,0,0,0,0,0,0,0,0
300453954,Muskogee,southern,US-64,US Route,1,0.0,0.0,property_damage,0.0,0,0.0,0.0,0.0,ANGLE-TURNING,ANGLE-TURNING,35.5807988,-95.32301453,2020,2020-02-12,19.36,2,0,N,       ,N,N,0,Rain,Dark / Unlighted,2.0,6.0,0,No Roadway Departure,0,N,0.0,D,2.0,80.0,F,Y,1.0,Apparently Normal,4.0,1,0,0,Failed to Yield,From Stop Sign,0,0,0,0,0,0,0,0,0,0,0,0,0,0,0,1,0,0,0,0,0,0,0,0,0,0,0,0,0,0,0,0,0,0,1,1,0
300454212,Delaware,northern,SH-20,State Highway,1,0.0,0.0,property_damage,0.0,0,0.0,0.0,0.0,ANGLE-TURNING,ANGLE-TURNING,36.45331091,-94.61047013,2020,2020-02-12,13.49,2,1,N,       ,N,N,0,Rain,Daylight,2.0,6.0,0,No Roadway Departure,0,N,0.0,D,2.0,47.0,M,Y,1.0,Apparently Normal,4.0,0,0,0,Failed to Yield,County Road at Through Highway,0,0,0,0,0,0,0,0,0,0,0,0,0,0,0,1,0,0,0,0,0,0,0,0,0,0,0,0,0,0,0,0,0,0,1,0,0
300454378,Tulsa,tulsa,,City Street,1,0.0,0.0,possible_injury,0.0,0,0.0,0.0,1.0,ANGLE-TURNING,ANGLE-TURNING,36.163788,-95.9083804,2020,2020-02-19,1.06,2,0,N,       ,N,N,0,Clear,Dark / Lighted,1.0,6.0,0,No Roadway Departure,0,N,0.0,D,2.0,16.0,M,Y,2.0,Apparently Normal,4.0,0,1,0,Failed to Yield,From Stop Sign,0,0,0,0,0,0,0,0,0,0,0,0,0,0,0,1,0,0,0,0,0,0,0,0,0,0,0,0,0,0,0,0,0,0,0,0,0
300454413,Craig,northern,US-60,US Route,1,0.0,0.0,non_incapacitating_injury,2.0,0,0.0,2.0,0.0,ANGLE-TURNING,ANGLE-TURNING,36.62688643,-95.12521831,2020,2020-02-13,9.21,2,0,N,       ,N,N,0,Clear,Daylight,1.0,6.0,0,No Roadway Departure,0,N,0.0,D,4.0,35.0,M,Y,1.0,Apparently Normal,4.0,0,0,0,Failed to Yield,From Stop Sign,0,0,0,0,0,0,0,0,0,0,0,0,0,0,0,1,0,0,0,0,0,0,0,0,0,0,0,0,0,0,0,0,0,0,0,0,0
300454419,Tulsa,tulsa,,City Street,1,99.0,80.0,property_damage,0.0,0,0.0,0.0,0.0,RIGHT-ANGLE,RIGHT-ANGLE,36.21332071,-95.95823027,2020,2020-02-18,14.11,2,0,N,       ,N,N,0,Cloudy,Daylight,1.0,1.0,0,No Roadway Departure,0,N,0.0,D,23.0,39.0,M,Y,1.0,Apparently Normal,4.0,0,0,0,Failed to Yield,From Signal Light,0,0,0,0,0,0,0,0,0,0,0,0,0,0,0,1,0,0,0,0,0,0,0,0,0,0,0,0,0,0,0,0,0,0,0,0,0
300454623,Tulsa,tulsa,,City Street,8,80.0,99.0,property_damage,0.0,0,0.0,0.0,0.0,ANGLE-TURNING,ANGLE-TURNING,36.184303,-95.88701033,2020,2020-02-18,11.5,2,0,Y,       ,N,N,0,Clear,Daylight,1.0,12.0,0,No Roadway Departure,0,N,0.0,D,2.0,40.0,M,Y,1.0,Apparently Normal,4.0,0,0,0,Failed to Yield,Private Drive,0,0,0,0,0,0,0,0,0,0,0,0,0,0,0,1,0,0,0,0,0,0,0,0,0,0,0,0,0,0,0,0,0,0,0,0,0
300454665,Tulsa,northern,,County Road,1,0.0,0.0,possible_injury,0.0,0,0.0,0.0,2.0,RIGHT-ANGLE,RIGHT-ANGLE,36.3223,-95.92,2020,2020-02-06,21.09,2,0,N,       ,N,N,0,Clear,Dark / Unlighted,1.0,1.0,0,Roadway Departure Right,0,N,0.0,D,20.0,29.0,M,Y,2.0,Apparently Normal,4.0,0,0,0,Failed to Yield,From Stop Sign,0,0,0,0,0,0,0,0,0,0,0,0,0,0,0,1,0,0,0,0,0,0,0,0,0,0,0,0,0,0,0,0,0,0,0,1,0
300454756,Tulsa,northern,US-75,US Route,1,0.0,0.0,non_incapacitating_injury,1.0,0,0.0,1.0,1.0,ANGLE-TURNING,ANGLE-TURNING,36.29324696,-95.92411255,2020,2020-02-20,5.5,2,0,N,       ,N,N,0,Clear,Dark / Unlighted,1.0,13.0,0,No Roadway Departure,0,N,0.0,D,2.0,41.0,F,Y,2.0,Apparently Normal,4.0,0,0,0,Failed to Yield,From Stop Sign,0,0,0,0,0,0,0,0,0,0,0,0,0,0,0,1,0,0,0,0,0,0,0,0,0,0,0,0,0,0,0,0,0,0,0,1,0
300454779,Tulsa,tulsa,,City Street,1,0.0,0.0,incapacitating_injury,3.0,0,3.0,0.0,0.0,ANGLE-TURNING,ANGLE-TURNING,36.1626169,-95.9581593,2020,2020-02-21,7.3,2,0,N,       ,N,N,0,Clear,Daylight,1.0,7.0,0,No Roadway Departure,0,N,0.0,D,2.0,63.0,F,Y,4.0,Apparently Normal,1.0,0,0,0,Failed to Yield,To Vehicle in Intersection,0,0,0,0,0,0,0,0,0,0,0,0,0,0,0,1,0,0,0,0,0,0,0,0,0,0,0,0,0,0,0,0,0,0,0,0,0
300454780,Tulsa,tulsa,,City Street,5,1.0,0.0,possible_injury,0.0,0,0.0,0.0,1.0,ANGLE-TURNING,ANGLE-TURNING,36.18057831,-95.9582511,2020,2020-02-20,15.14,2,0,N,       ,N,N,0,Clear,Daylight,1.0,12.0,0,No Roadway Departure,0,N,0.0,D,20.0,77.0,M,Y,1.0,Apparently Normal,4.0,1,0,0,Failed to Yield,Private Drive,0,0,0,0,0,0,0,0,0,0,0,0,0,0,0,1,0,0,0,0,0,0,0,0,0,0,0,0,0,0,0,0,0,0,0,0,0
300454955,Delaware,northern,US-60,US Route,0,1.0,0.0,property_damage,0.0,0,0.0,0.0,0.0,RIGHT-ANGLE,RIGHT-ANGLE,36.62780744,-94.98254055,2020,2020-02-18,12.59,2,0,N,       ,N,N,0,Clear,Daylight,1.0,1.0,0,No Roadway Departure,0,N,0.0,D,20.0,52.0,F,Y,1.0,Apparently Normal,4.0,0,0,0,Failed to Yield,Private Drive,0,0,0,0,0,0,0,0,0,0,0,0,0,0,0,1,0,0,0,0,0,0,0,0,0,0,0,0,0,0,0,0,0,0,0,0,0
300454968,Tulsa,tulsa,,City Street,1,0.0,0.0,possible_injury,0.0,0,0.0,0.0,1.0,ANGLE-TURNING,ANGLE-TURNING,36.1915932,-95.9045818,2020,2020-02-19,7.09,2,0,N,       ,N,N,0,Clear,Daylight,1.0,7.0,0,No Roadway Departure,0,N,0.0,D,2.0,49.0,M,Y,1.0,Apparently Normal,4.0,0,0,0,Failed to Yield,To Vehicle in Intersection,0,0,0,0,0,0,0,0,0,0,0,0,0,0,0,1,0,0,0,0,0,0,0,0,0,0,0,0,0,0,0,0,0,0,0,0,0